Time,FilamentPos,MotorPos,FocalTesionPos,MotorConnections,ContractileForce,Other
1,"[0.587866, 0.29709]",[0.874628],"[0.0, 1.1]",[Int64[]],0.0,Motor dettached
2,"[0.587866, 0.29709]",[0.874628],"[0.0, 1.1]",[Int64[]],0.0,Motor dettached
3,"[0.587866, 0.29709]",[0.874628],"[0.0, 1.1]",[Int64[]],0.0,Motor dettached
4,"[0.587866, 0.29709]",[0.874628],"[0.0, 1.1]",[Int64[]],0.0,Motor dettached
5,"[0.587866, 0.29709]",[0.874628],"[0.0, 1.1]",[Int64[]],0.0,Motor dettached
6,"[0.587866, 0.29709]",[0.874628],"[0.0, 1.1]",[Int64[]],0.0,Motor dettached
7,"[0.587866, 0.29709]",[0.874628],"[0.0, 1.1]",[Int64[]],0.0,Motor dettached
8,"[0.587866, 0.29709]",[0.874628],"[0.0, 1.1]",[Int64[]],0.0,Motor dettached
9,"[0.587866, 0.29709]",[0.874628],"[0.0, 1.1]",[Int64[]],0.0,Motor dettached
10,"[0.587866, 0.29709]",[0.874628],"[0.0, 1.1]",[Int64[]],0.0,Motor dettached
11,"[0.587866, 0.29709]",[0.874628],"[0.0, 1.1]",[Int64[]],0.0,Motor dettached
12,"[0.587866, 0.29709]",[0.874628],"[0.0, 1.1]",[Int64[]],0.0,Motor dettached
13,"[0.587866, 0.29709]",[0.874628],"[0.0, 1.1]",[Int64[]],0.0,Motor dettached
14,"[0.587866, 0.29709]",[0.874628],"[0.0, 1.1]",[Int64[]],0.0,Motor dettached
15,"[0.587866, 0.29709]",[0.874628],"[0.0, 1.1]",[Int64[]],0.0,Motor dettached
16,"[0.587866, 0.29709]",[0.874628],"[0.0, 1.1]",[Int64[]],0.0,Motor dettached
17,"[0.587866, 0.29709]",[0.874628],"[0.0, 1.1]",[Int64[]],0.0,Motor dettached
18,"[0.587866, 0.29709]",[0.874628],"[0.0, 1.1]",[Int64[]],0.0,Motor dettached
19,"[0.587866, 0.29709]",[0.874628],"[0.0, 1.1]",[Int64[]],0.0,Motor dettached
20,"[0.587866, 0.29709]",[0.874628],"[0.0, 1.1]",[Int64[]],0.0,Motor dettached
21,"[0.587866, 0.29709]",[0.874628],"[0.0, 1.1]",[Int64[]],0.0,Motor dettached
22,"[0.587866, 0.29709]",[0.874628],"[0.0, 1.1]",[Int64[]],0.0,Motor dettached
23,"[0.587866, 0.29709]",[0.874628],"[0.0, 1.1]",[Int64[]],0.0,Motor dettached
24,"[0.587866, 0.29709]",[0.874628],"[0.0, 1.1]",[Int64[]],0.0,Motor dettached
25,"[0.587866, 0.29709]",[0.874628],"[0.0, 1.1]",[Int64[]],0.0,Motor dettached
26,"[0.587866, 0.29709]",[0.874628],"[0.0, 1.1]",[Int64[]],0.0,Motor dettached
27,"[0.587866, 0.29709]",[0.874628],"[0.0, 1.1]",[Int64[]],0.0,Motor dettached
28,"[0.587866, 0.29709]",[0.874628],"[0.0, 1.1]",[Int64[]],0.0,Motor dettached
29,"[0.587866, 0.29709]",[0.874628],"[0.0, 1.1]",[Int64[]],0.0,Motor dettached
30,"[0.587866, 0.29709]",[0.874628],"[0.0, 1.1]",[Int64[]],0.0,Motor dettached
31,"[0.587866, 0.29709]",[0.874628],"[0.0, 1.1]",[Int64[]],0.0,Motor dettached
32,"[0.587866, 0.29709]",[0.874628],"[0.0, 1.1]",[Int64[]],0.0,Motor dettached
33,"[0.587866, 0.29709]",[0.874628],"[0.0, 1.1]",[Int64[]],0.0,Motor dettached
34,"[0.587866, 0.29709]",[0.874628],"[0.0, 1.1]",[Int64[]],0.0,Motor dettached
35,"[0.587866, 0.29709]",[0.874628],"[0.0, 1.1]",[Int64[]],0.0,Motor dettached
36,"[0.587866, 0.29709]",[0.874628],"[0.0, 1.1]",[Int64[]],0.0,Motor dettached
37,"[0.587866, 0.29709]",[0.874628],"[0.0, 1.1]",[Int64[]],0.0,Motor dettached
38,"[0.587866, 0.29709]",[0.874628],"[0.0, 1.1]",[Int64[]],0.0,Motor dettached
39,"[0.587866, 0.29709]",[0.874628],"[0.0, 1.1]",[Int64[]],0.0,Motor dettached
40,"[0.587866, 0.29709]",[0.874628],"[0.0, 1.1]",[Int64[]],0.0,Motor dettached
41,"[0.587866, 0.29709]",[0.874628],"[0.0, 1.1]",[Int64[]],0.0,Motor dettached
42,"[0.587866, 0.29709]",[0.874628],"[0.0, 1.1]",[Int64[]],0.0,Motor dettached
43,"[0.587866, 0.29709]",[0.874628],"[0.0, 1.1]",[Int64[]],0.0,Motor dettached
44,"[0.587866, 0.29709]",[0.874628],"[0.0, 1.1]",[Int64[]],0.0,Motor dettached
45,"[0.587866, 0.29709]",[0.874628],"[0.0, 1.1]",[Int64[]],0.0,Motor dettached
46,"[0.587866, 0.29709]",[0.874628],"[0.0, 1.1]",[Int64[]],0.0,Motor dettached
47,"[0.587866, 0.29709]",[0.874628],"[0.0, 1.1]",[Int64[]],0.0,Motor dettached
48,"[0.587866, 0.29709]",[0.874628],"[0.0, 1.1]",[Int64[]],0.0,Motor dettached
49,"[0.587866, 0.29709]",[0.874628],"[0.0, 1.1]",[Int64[]],0.0,Motor dettached
50,"[0.587866, 0.29709]",[0.874628],"[0.0, 1.1]",[Int64[]],0.0,Motor dettached
51,"[0.587866, 0.29709]",[0.874628],"[0.0, 1.1]",[Int64[]],0.0,Motor dettached
52,"[0.587866, 0.29709]",[0.874628],"[0.0, 1.1]",[Int64[]],0.0,Motor dettached
53,"[0.587866, 0.29709]",[0.874628],"[0.0, 1.1]",[Int64[]],0.0,Motor dettached
54,"[0.587866, 0.29709]",[0.874628],"[0.0, 1.1]",[Int64[]],0.0,Motor dettached
55,"[0.587866, 0.29709]",[0.874628],"[0.0, 1.1]",[Int64[]],0.0,Motor dettached
56,"[0.587866, 0.29709]",[0.874628],"[0.0, 1.1]",[Int64[]],0.0,Motor dettached
57,"[0.587866, 0.29709]",[0.874628],"[0.0, 1.1]",[Int64[]],0.0,Motor dettached
58,"[0.587866, 0.29709]",[0.874628],"[0.0, 1.1]",[Int64[]],0.0,Motor dettached
59,"[0.587866, 0.29709]",[0.874628],"[0.0, 1.1]",[Int64[]],0.0,Motor dettached
60,"[0.587866, 0.29709]",[0.874628],"[0.0, 1.1]",[Int64[]],0.0,Motor dettached
61,"[0.587866, 0.29709]",[0.874628],"[0.0, 1.1]",[Int64[]],0.0,Motor dettached
62,"[0.587866, 0.29709]",[0.874628],"[0.0, 1.1]",[Int64[]],0.0,Motor dettached
63,"[0.587866, 0.29709]",[0.874628],"[0.0, 1.1]",[Int64[]],0.0,Motor dettached
64,"[0.587866, 0.29709]",[0.874628],"[0.0, 1.1]",[Int64[]],0.0,Motor dettached
65,"[0.587866, 0.29709]",[0.874628],"[0.0, 1.1]",[Int64[]],0.0,Motor dettached
66,"[0.587866, 0.29709]",[0.874628],"[0.0, 1.1]",[Int64[]],0.0,Motor dettached
67,"[0.587866, 0.29709]",[0.874628],"[0.0, 1.1]",[Int64[]],0.0,Motor dettached
68,"[0.587866, 0.29709]",[0.874628],"[0.0, 1.1]",[Int64[]],0.0,Motor dettached
69,"[0.587866, 0.29709]",[0.874628],"[0.0, 1.1]",[Int64[]],0.0,Motor dettached
70,"[0.587866, 0.29709]",[0.874628],"[0.0, 1.1]",[Int64[]],0.0,Motor dettached
71,"[0.587866, 0.29709]",[0.874628],"[0.0, 1.1]",[Int64[]],0.0,Motor dettached
72,"[0.587866, 0.29709]",[0.874628],"[0.0, 1.1]",[Int64[]],0.0,Motor dettached
73,"[0.587866, 0.29709]",[0.874628],"[0.0, 1.1]",[Int64[]],0.0,Motor dettached
74,"[0.587866, 0.29709]",[0.874628],"[0.0, 1.1]",[Int64[]],0.0,Motor dettached
75,"[0.587866, 0.29709]",[0.874628],"[0.0, 1.1]",[Int64[]],0.0,Motor dettached
76,"[0.587866, 0.29709]",[0.874628],"[0.0, 1.1]",[Int64[]],0.0,Motor dettached
77,"[0.587866, 0.29709]",[0.874628],"[0.0, 1.1]",[Int64[]],0.0,Motor dettached
78,"[0.587866, 0.29709]",[0.874628],"[0.0, 1.1]",[Int64[]],0.0,Motor dettached
79,"[0.587866, 0.29709]",[0.874628],"[0.0, 1.1]",[Int64[]],0.0,Motor dettached
80,"[0.587866, 0.29709]",[0.874628],"[0.0, 1.1]",[Int64[]],0.0,Motor dettached
81,"[0.587866, 0.29709]",[0.874628],"[0.0, 1.1]",[Int64[]],0.0,Motor dettached
82,"[0.587866, 0.29709]",[0.874628],"[0.0, 1.1]",[Int64[]],0.0,Motor dettached
83,"[0.587866, 0.29709]",[0.874628],"[0.0, 1.1]",[Int64[]],0.0,Motor dettached
84,"[0.587866, 0.29709]",[0.874628],"[0.0, 1.1]",[Int64[]],0.0,Motor dettached
85,"[0.587866, 0.29709]",[0.874628],"[0.0, 1.1]",[Int64[]],0.0,Motor dettached
86,"[0.587866, 0.29709]",[0.874628],"[0.0, 1.1]",[Int64[]],0.0,Motor dettached
87,"[0.587866, 0.29709]",[0.874628],"[0.0, 1.1]",[Int64[]],0.0,Motor dettached
88,"[0.587866, 0.29709]",[0.874628],"[0.0, 1.1]",[Int64[]],0.0,Motor dettached
89,"[0.587866, 0.29709]",[0.874628],"[0.0, 1.1]",[Int64[]],0.0,Motor dettached
90,"[0.587866, 0.29709]",[0.874628],"[0.0, 1.1]",[Int64[]],0.0,Motor dettached
91,"[0.587866, 0.29709]",[0.874628],"[0.0, 1.1]",[Int64[]],0.0,Motor dettached
92,"[0.587866, 0.29709]",[0.874628],"[0.0, 1.1]",[Int64[]],0.0,Motor dettached
93,"[0.587866, 0.29709]",[0.874628],"[0.0, 1.1]",[Int64[]],0.0,Motor dettached
94,"[0.587866, 0.29709]",[0.874628],"[0.0, 1.1]",[Int64[]],0.0,Motor dettached
95,"[0.587866, 0.29709]",[0.874628],"[0.0, 1.1]",[Int64[]],0.0,Motor dettached
96,"[0.587866, 0.29709]",[0.874628],"[0.0, 1.1]",[Int64[]],0.0,Motor dettached
97,"[0.587866, 0.29709]",[0.874628],"[0.0, 1.1]",[Int64[]],0.0,Motor dettached
98,"[0.587866, 0.29709]",[0.874628],"[0.0, 1.1]",[Int64[]],0.0,Motor dettached
99,"[0.587866, 0.29709]",[0.874628],"[0.0, 1.1]",[Int64[]],0.0,Motor dettached
100,"[0.587866, 0.29709]",[0.874628],"[0.0, 1.1]",[Int64[]],0.0,Motor dettached
101,"[0.587866, 0.29709]",[0.874628],"[0.0, 1.1]",[Int64[]],0.0,Motor dettached
102,"[0.587866, 0.29709]",[0.874628],"[0.0, 1.1]",[Int64[]],0.0,Motor dettached
103,"[0.587866, 0.29709]",[0.874628],"[0.0, 1.1]",[Int64[]],0.0,Motor dettached
104,"[0.587866, 0.29709]",[0.874628],"[0.0, 1.1]",[Int64[]],0.0,Motor dettached
105,"[0.587866, 0.29709]",[0.874628],"[0.0, 1.1]",[Int64[]],0.0,Motor dettached
106,"[0.587866, 0.29709]",[0.874628],"[0.0, 1.1]",[Int64[]],0.0,Motor dettached
107,"[0.587866, 0.29709]",[0.874628],"[0.0, 1.1]",[Int64[]],0.0,Motor dettached
108,"[0.587866, 0.29709]",[0.874628],"[0.0, 1.1]",[Int64[]],0.0,Motor dettached
109,"[0.587866, 0.29709]",[0.874628],"[0.0, 1.1]",[Int64[]],0.0,Motor dettached
110,"[0.587866, 0.29709]",[0.874628],"[0.0, 1.1]",[Int64[]],0.0,Motor dettached
111,"[0.587866, 0.29709]",[0.874628],"[0.0, 1.1]",[Int64[]],0.0,Motor dettached
112,"[0.587866, 0.29709]",[0.874628],"[0.0, 1.1]",[Int64[]],0.0,Motor dettached
113,"[0.587866, 0.29709]",[0.874628],"[0.0, 1.1]",[Int64[]],0.0,Motor dettached
114,"[0.587866, 0.29709]",[0.874628],"[0.0, 1.1]",[Int64[]],0.0,Motor dettached
115,"[0.587866, 0.29709]",[0.874628],"[0.0, 1.1]",[Int64[]],0.0,Motor dettached
116,"[0.587866, 0.29709]",[0.874628],"[0.0, 1.1]",[Int64[]],0.0,Motor dettached
117,"[0.587866, 0.29709]",[0.874628],"[0.0, 1.1]",[Int64[]],0.0,Motor dettached
118,"[0.587866, 0.29709]",[0.874628],"[0.0, 1.1]",[Int64[]],0.0,Motor dettached
119,"[0.587866, 0.29709]",[0.874628],"[0.0, 1.1]",[Int64[]],0.0,Motor dettached
120,"[0.587866, 0.29709]",[0.874628],"[0.0, 1.1]",[Int64[]],0.0,Motor dettached
121,"[0.587866, 0.29709]",[0.874628],"[0.0, 1.1]",[Int64[]],0.0,Motor dettached
122,"[0.587866, 0.29709]",[0.874628],"[0.0, 1.1]",[Int64[]],0.0,Motor dettached
123,"[0.587866, 0.29709]",[0.874628],"[0.0, 1.1]",[Int64[]],0.0,Motor dettached
124,"[0.587866, 0.29709]",[0.874628],"[0.0, 1.1]",[Int64[]],0.0,Motor dettached
125,"[0.587866, 0.29709]",[0.874628],"[0.0, 1.1]",[Int64[]],0.0,Motor dettached
126,"[0.587866, 0.29709]",[0.874628],"[0.0, 1.1]",[Int64[]],0.0,Motor dettached
127,"[0.587866, 0.29709]",[0.874628],"[0.0, 1.1]",[Int64[]],0.0,Motor dettached
128,"[0.587866, 0.29709]",[0.874628],"[0.0, 1.1]",[Int64[]],0.0,Motor dettached
129,"[0.587866, 0.29709]",[0.874628],"[0.0, 1.1]",[Int64[]],0.0,Motor dettached
130,"[0.587866, 0.29709]",[0.874628],"[0.0, 1.1]",[Int64[]],0.0,Motor dettached
131,"[0.587866, 0.29709]",[0.874628],"[0.0, 1.1]",[Int64[]],0.0,Motor dettached
132,"[0.587866, 0.29709]",[0.874628],"[0.0, 1.1]",[Int64[]],0.0,Motor dettached
133,"[0.587866, 0.29709]",[0.874628],"[0.0, 1.1]",[Int64[]],0.0,Motor dettached
134,"[0.587866, 0.29709]",[0.874628],"[0.0, 1.1]",[Int64[]],0.0,Motor dettached
135,"[0.587866, 0.29709]",[0.874628],"[0.0, 1.1]",[Int64[]],0.0,Motor dettached
136,"[0.587866, 0.29709]",[0.874628],"[0.0, 1.1]",[Int64[]],0.0,Motor dettached
137,"[0.587866, 0.29709]",[0.874628],"[0.0, 1.1]",[Int64[]],0.0,Motor dettached
138,"[0.587866, 0.29709]",[0.874628],"[0.0, 1.1]",[Int64[]],0.0,Motor dettached
139,"[0.587866, 0.29709]",[0.874628],"[0.0, 1.1]",[Int64[]],0.0,Motor dettached
140,"[0.587866, 0.29709]",[0.874628],"[0.0, 1.1]",[Int64[]],0.0,Motor dettached
141,"[0.587866, 0.29709]",[0.874628],"[0.0, 1.1]",[Int64[]],0.0,Motor dettached
142,"[0.587866, 0.29709]",[0.874628],"[0.0, 1.1]",[Int64[]],0.0,Motor dettached
143,"[0.587866, 0.29709]",[0.874628],"[0.0, 1.1]",[Int64[]],0.0,Motor dettached
144,"[0.587866, 0.29709]",[0.874628],"[0.0, 1.1]",[Int64[]],0.0,Motor dettached
145,"[0.587866, 0.29709]",[0.874628],"[0.0, 1.1]",[Int64[]],0.0,Motor dettached
146,"[0.587866, 0.29709]",[0.874628],"[0.0, 1.1]",[Int64[]],0.0,Motor dettached
147,"[0.587866, 0.29709]",[0.874628],"[0.0, 1.1]",[Int64[]],0.0,Motor dettached
148,"[0.587866, 0.29709]",[0.874628],"[0.0, 1.1]",[Int64[]],0.0,Motor dettached
149,"[0.587866, 0.29709]",[0.874628],"[0.0, 1.1]",[Int64[]],0.0,Motor dettached
150,"[0.587866, 0.29709]",[0.874628],"[0.0, 1.1]",[Int64[]],0.0,Motor dettached
151,"[0.587866, 0.29709]",[0.874628],"[0.0, 1.1]",[Int64[]],0.0,Motor dettached
152,"[0.587866, 0.29709]",[0.874628],"[0.0, 1.1]",[Int64[]],0.0,Motor dettached
153,"[0.587866, 0.29709]",[0.874628],"[0.0, 1.1]",[Int64[]],0.0,Motor dettached
154,"[0.587866, 0.29709]",[0.874628],"[0.0, 1.1]",[Int64[]],0.0,Motor dettached
155,"[0.587866, 0.29709]",[0.874628],"[0.0, 1.1]",[Int64[]],0.0,Motor dettached
156,"[0.587866, 0.29709]",[0.874628],"[0.0, 1.1]",[Int64[]],0.0,Motor dettached
157,"[0.587866, 0.29709]",[0.874628],"[0.0, 1.1]",[Int64[]],0.0,Motor dettached
158,"[0.587866, 0.29709]",[0.874628],"[0.0, 1.1]",[Int64[]],0.0,Motor dettached
159,"[0.587866, 0.29709]",[0.874628],"[0.0, 1.1]",[Int64[]],0.0,Motor dettached
160,"[0.587866, 0.29709]",[0.874628],"[0.0, 1.1]",[Int64[]],0.0,Motor dettached
161,"[0.587866, 0.29709]",[0.874628],"[0.0, 1.1]",[Int64[]],0.0,Motor dettached
162,"[0.587866, 0.29709]",[0.874628],"[0.0, 1.1]",[Int64[]],0.0,Motor dettached
163,"[0.587866, 0.29709]",[0.874628],"[0.0, 1.1]",[Int64[]],0.0,Motor dettached
164,"[0.587866, 0.29709]",[0.874628],"[0.0, 1.1]",[Int64[]],0.0,Motor dettached
165,"[0.587866, 0.29709]",[0.874628],"[0.0, 1.1]",[Int64[]],0.0,Motor dettached
166,"[0.587866, 0.29709]",[0.874628],"[0.0, 1.1]",[Int64[]],0.0,Motor dettached
167,"[0.587866, 0.29709]",[0.874628],"[0.0, 1.1]",[Int64[]],0.0,Motor dettached
168,"[0.587866, 0.29709]",[0.874628],"[0.0, 1.1]",[Int64[]],0.0,Motor dettached
169,"[0.587866, 0.29709]",[0.874628],"[0.0, 1.1]",[Int64[]],0.0,Motor dettached
170,"[0.587866, 0.29709]",[0.874628],"[0.0, 1.1]",[Int64[]],0.0,Motor dettached
171,"[0.587866, 0.29709]",[0.874628],"[0.0, 1.1]",[Int64[]],0.0,Motor dettached
172,"[0.587866, 0.29709]",[0.874628],"[0.0, 1.1]",[Int64[]],0.0,Motor dettached
173,"[0.587866, 0.29709]",[0.874628],"[0.0, 1.1]",[Int64[]],0.0,Motor dettached
174,"[0.587866, 0.29709]",[0.874628],"[0.0, 1.1]",[Int64[]],0.0,Motor dettached
175,"[0.587866, 0.29709]",[0.874628],"[0.0, 1.1]",[Int64[]],0.0,Motor dettached
176,"[0.587866, 0.29709]",[0.874628],"[0.0, 1.1]",[Int64[]],0.0,Motor dettached
177,"[0.587866, 0.29709]",[0.874628],"[0.0, 1.1]",[Int64[]],0.0,Motor dettached
178,"[0.587866, 0.29709]",[0.874628],"[0.0, 1.1]",[Int64[]],0.0,Motor dettached
179,"[0.587866, 0.29709]",[0.874628],"[0.0, 1.1]",[Int64[]],0.0,Motor dettached
180,"[0.587866, 0.29709]",[0.874628],"[0.0, 1.1]",[Int64[]],0.0,Motor dettached
181,"[0.587866, 0.29709]",[0.874628],"[0.0, 1.1]",[Int64[]],0.0,Motor dettached
182,"[0.587866, 0.29709]",[0.874628],"[0.0, 1.1]",[Int64[]],0.0,Motor dettached
183,"[0.587866, 0.29709]",[0.874628],"[0.0, 1.1]",[Int64[]],0.0,Motor dettached
184,"[0.587866, 0.29709]",[0.874628],"[0.0, 1.1]",[Int64[]],0.0,Motor dettached
185,"[0.587866, 0.29709]",[0.874628],"[0.0, 1.1]",[Int64[]],0.0,Motor dettached
186,"[0.587866, 0.29709]",[0.874628],"[0.0, 1.1]",[Int64[]],0.0,Motor dettached
187,"[0.587866, 0.29709]",[0.874628],"[0.0, 1.1]",[Int64[]],0.0,Motor dettached
188,"[0.587866, 0.29709]",[0.874628],"[0.0, 1.1]",[Int64[]],0.0,Motor dettached
189,"[0.587866, 0.29709]",[0.874628],"[0.0, 1.1]",[Int64[]],0.0,Motor dettached
190,"[0.587866, 0.29709]",[0.874628],"[0.0, 1.1]",[Int64[]],0.0,Motor dettached
191,"[0.587866, 0.29709]",[0.874628],"[0.0, 1.1]",[Int64[]],0.0,Motor dettached
192,"[0.587866, 0.29709]",[0.874628],"[0.0, 1.1]",[Int64[]],0.0,Motor dettached
193,"[0.587866, 0.29709]",[0.874628],"[0.0, 1.1]",[Int64[]],0.0,Motor dettached
194,"[0.587866, 0.29709]",[0.874628],"[0.0, 1.1]",[Int64[]],0.0,Motor dettached
195,"[0.587866, 0.29709]",[0.874628],"[0.0, 1.1]",[Int64[]],0.0,Motor dettached
196,"[0.587866, 0.29709]",[0.874628],"[0.0, 1.1]",[Int64[]],0.0,Motor dettached
197,"[0.587866, 0.29709]",[0.874628],"[0.0, 1.1]",[Int64[]],0.0,Motor dettached
198,"[0.587866, 0.29709]",[0.874628],"[0.0, 1.1]",[Int64[]],0.0,Motor dettached
199,"[0.587866, 0.29709]",[0.874628],"[0.0, 1.1]",[Int64[]],0.0,Motor dettached
200,"[0.587866, 0.29709]",[0.874628],"[0.0, 1.1]",[Int64[]],0.0,Motor dettached
201,"[0.587866, 0.29709]",[0.874628],"[0.0, 1.1]",[Int64[]],0.0,Motor dettached
202,"[0.587866, 0.29709]",[0.874628],"[0.0, 1.1]",[Int64[]],0.0,Motor dettached
203,"[0.587866, 0.29709]",[0.874628],"[0.0, 1.1]",[Int64[]],0.0,Motor dettached
204,"[0.587866, 0.29709]",[0.874628],"[0.0, 1.1]",[Int64[]],0.0,Motor dettached
205,"[0.587866, 0.29709]",[0.874628],"[0.0, 1.1]",[Int64[]],0.0,Motor dettached
206,"[0.587866, 0.29709]",[0.874628],"[0.0, 1.1]",[Int64[]],0.0,Motor dettached
207,"[0.587866, 0.29709]",[0.874628],"[0.0, 1.1]",[Int64[]],0.0,Motor dettached
208,"[0.587866, 0.29709]",[0.874628],"[0.0, 1.1]",[Int64[]],0.0,Motor dettached
209,"[0.587866, 0.29709]",[0.874628],"[0.0, 1.1]",[Int64[]],0.0,Motor dettached
210,"[0.587866, 0.29709]",[0.874628],"[0.0, 1.1]",[Int64[]],0.0,Motor dettached
211,"[0.587866, 0.29709]",[0.874628],"[0.0, 1.1]",[Int64[]],0.0,Motor dettached
212,"[0.587866, 0.29709]",[0.874628],"[0.0, 1.1]",[Int64[]],0.0,Motor dettached
213,"[0.587866, 0.29709]",[0.874628],"[0.0, 1.1]",[Int64[]],0.0,Motor dettached
214,"[0.587866, 0.29709]",[0.874628],"[0.0, 1.1]",[Int64[]],0.0,Motor dettached
215,"[0.587866, 0.29709]",[0.874628],"[0.0, 1.1]",[Int64[]],0.0,Motor dettached
216,"[0.587866, 0.29709]",[0.874628],"[0.0, 1.1]",[Int64[]],0.0,Motor dettached
217,"[0.587866, 0.29709]",[0.874628],"[0.0, 1.1]",[Int64[]],0.0,Motor dettached
218,"[0.587866, 0.29709]",[0.874628],"[0.0, 1.1]",[Int64[]],0.0,Motor dettached
219,"[0.587866, 0.29709]",[0.874628],"[0.0, 1.1]",[Int64[]],0.0,Motor dettached
220,"[0.587866, 0.29709]",[0.874628],"[0.0, 1.1]",[Int64[]],0.0,Motor dettached
221,"[0.587866, 0.29709]",[0.874628],"[0.0, 1.1]",[Int64[]],0.0,Motor dettached
222,"[0.587866, 0.29709]",[0.874628],"[0.0, 1.1]",[Int64[]],0.0,Motor dettached
223,"[0.587866, 0.29709]",[0.874628],"[0.0, 1.1]",[Int64[]],0.0,Motor dettached
224,"[0.587866, 0.29709]",[0.874628],"[0.0, 1.1]",[Int64[]],0.0,Motor dettached
225,"[0.587866, 0.29709]",[0.874628],"[0.0, 1.1]",[Int64[]],0.0,Motor dettached
226,"[0.587866, 0.29709]",[0.874628],"[0.0, 1.1]",[Int64[]],0.0,Motor dettached
227,"[0.587866, 0.29709]",[0.874628],"[0.0, 1.1]",[Int64[]],0.0,Motor dettached
228,"[0.587866, 0.29709]",[0.874628],"[0.0, 1.1]",[Int64[]],0.0,Motor dettached
229,"[0.587866, 0.29709]",[0.874628],"[0.0, 1.1]",[Int64[]],0.0,Motor dettached
230,"[0.587866, 0.29709]",[0.874628],"[0.0, 1.1]",[Int64[]],0.0,Motor dettached
231,"[0.587866, 0.29709]",[0.874628],"[0.0, 1.1]",[Int64[]],0.0,Motor dettached
232,"[0.587866, 0.29709]",[0.874628],"[0.0, 1.1]",[Int64[]],0.0,Motor dettached
233,"[0.587866, 0.29709]",[0.874628],"[0.0, 1.1]",[Int64[]],0.0,Motor dettached
234,"[0.587866, 0.29709]",[0.874628],"[0.0, 1.1]",[Int64[]],0.0,Motor dettached
235,"[0.587866, 0.29709]",[0.874628],"[0.0, 1.1]",[Int64[]],0.0,Motor dettached
236,"[0.587866, 0.29709]",[0.874628],"[0.0, 1.1]",[Int64[]],0.0,Motor dettached
237,"[0.587866, 0.29709]",[0.874628],"[0.0, 1.1]",[Int64[]],0.0,Motor dettached
238,"[0.587866, 0.29709]",[0.874628],"[0.0, 1.1]",[Int64[]],0.0,Motor dettached
239,"[0.587866, 0.29709]",[0.874628],"[0.0, 1.1]",[Int64[]],0.0,Motor dettached
240,"[0.587866, 0.29709]",[0.874628],"[0.0, 1.1]",[Int64[]],0.0,Motor dettached
241,"[0.587866, 0.29709]",[0.874628],"[0.0, 1.1]",[Int64[]],0.0,Motor dettached
242,"[0.587866, 0.29709]",[0.874628],"[0.0, 1.1]",[Int64[]],0.0,Motor dettached
243,"[0.587866, 0.29709]",[0.874628],"[0.0, 1.1]",[Int64[]],0.0,Motor dettached
244,"[0.587866, 0.29709]",[0.874628],"[0.0, 1.1]",[Int64[]],0.0,Motor dettached
245,"[0.587866, 0.29709]",[0.874628],"[0.0, 1.1]",[Int64[]],0.0,Motor dettached
246,"[0.587866, 0.29709]",[0.874628],"[0.0, 1.1]",[Int64[]],0.0,Motor dettached
247,"[0.587866, 0.29709]",[0.874628],"[0.0, 1.1]",[Int64[]],0.0,Motor dettached
248,"[0.587866, 0.29709]",[0.874628],"[0.0, 1.1]",[Int64[]],0.0,Motor dettached
249,"[0.587866, 0.29709]",[0.874628],"[0.0, 1.1]",[Int64[]],0.0,Motor dettached
250,"[0.587866, 0.29709]",[0.874628],"[0.0, 1.1]",[Int64[]],0.0,Motor dettached
251,"[0.587866, 0.29709]",[0.874628],"[0.0, 1.1]",[Int64[]],0.0,Motor dettached
252,"[0.587866, 0.29709]",[0.874628],"[0.0, 1.1]",[Int64[]],0.0,Motor dettached
253,"[0.587866, 0.29709]",[0.874628],"[0.0, 1.1]",[Int64[]],0.0,Motor dettached
254,"[0.587866, 0.29709]",[0.874628],"[0.0, 1.1]",[Int64[]],0.0,Motor dettached
255,"[0.587866, 0.29709]",[0.874628],"[0.0, 1.1]",[Int64[]],0.0,Motor dettached
256,"[0.587866, 0.29709]",[0.874628],"[0.0, 1.1]",[Int64[]],0.0,Motor dettached
257,"[0.587866, 0.29709]",[0.874628],"[0.0, 1.1]",[Int64[]],0.0,Motor dettached
258,"[0.587866, 0.29709]",[0.874628],"[0.0, 1.1]",[Int64[]],0.0,Motor dettached
259,"[0.587866, 0.29709]",[0.874628],"[0.0, 1.1]",[Int64[]],0.0,Motor dettached
260,"[0.587866, 0.29709]",[0.874628],"[0.0, 1.1]",[Int64[]],0.0,Motor dettached
261,"[0.587866, 0.29709]",[0.874628],"[0.0, 1.1]",[Int64[]],0.0,Motor dettached
262,"[0.587866, 0.29709]",[0.874628],"[0.0, 1.1]",[Int64[]],0.0,Motor dettached
263,"[0.587866, 0.29709]",[0.874628],"[0.0, 1.1]",[Int64[]],0.0,Motor dettached
264,"[0.587866, 0.29709]",[0.874628],"[0.0, 1.1]",[Int64[]],0.0,Motor dettached
265,"[0.587866, 0.29709]",[0.874628],"[0.0, 1.1]",[Int64[]],0.0,Motor dettached
266,"[0.587866, 0.29709]",[0.874628],"[0.0, 1.1]",[Int64[]],0.0,Motor dettached
267,"[0.587866, 0.29709]",[0.874628],"[0.0, 1.1]",[Int64[]],0.0,Motor dettached
268,"[0.587866, 0.29709]",[0.874628],"[0.0, 1.1]",[Int64[]],0.0,Motor dettached
269,"[0.587866, 0.29709]",[0.874628],"[0.0, 1.1]",[Int64[]],0.0,Motor dettached
270,"[0.587866, 0.29709]",[0.874628],"[0.0, 1.1]",[Int64[]],0.0,Motor dettached
271,"[0.587866, 0.29709]",[0.874628],"[0.0, 1.1]",[Int64[]],0.0,Motor dettached
272,"[0.587866, 0.29709]",[0.874628],"[0.0, 1.1]",[Int64[]],0.0,Motor dettached
273,"[0.587866, 0.29709]",[0.874628],"[0.0, 1.1]",[Int64[]],0.0,Motor dettached
274,"[0.587866, 0.29709]",[0.874628],"[0.0, 1.1]",[Int64[]],0.0,Motor dettached
275,"[0.587866, 0.29709]",[0.874628],"[0.0, 1.1]",[Int64[]],0.0,Motor dettached
276,"[0.587866, 0.29709]",[0.874628],"[0.0, 1.1]",[Int64[]],0.0,Motor dettached
277,"[0.587866, 0.29709]",[0.874628],"[0.0, 1.1]",[Int64[]],0.0,Motor dettached
278,"[0.587866, 0.29709]",[0.874628],"[0.0, 1.1]",[Int64[]],0.0,Motor dettached
279,"[0.587866, 0.29709]",[0.874628],"[0.0, 1.1]",[Int64[]],0.0,Motor dettached
280,"[0.587866, 0.29709]",[0.874628],"[0.0, 1.1]",[Int64[]],0.0,Motor dettached
281,"[0.587866, 0.29709]",[0.874628],"[0.0, 1.1]",[Int64[]],0.0,Motor dettached
282,"[0.587866, 0.29709]",[0.874628],"[0.0, 1.1]",[Int64[]],0.0,Motor dettached
283,"[0.587866, 0.29709]",[0.874628],"[0.0, 1.1]",[Int64[]],0.0,Motor dettached
284,"[0.587866, 0.29709]",[0.874628],"[0.0, 1.1]",[Int64[]],0.0,Motor dettached
285,"[0.587866, 0.29709]",[0.874628],"[0.0, 1.1]",[Int64[]],0.0,Motor dettached
286,"[0.587866, 0.29709]",[0.874628],"[0.0, 1.1]",[Int64[]],0.0,Motor dettached
287,"[0.587866, 0.29709]",[0.874628],"[0.0, 1.1]",[Int64[]],0.0,Motor dettached
288,"[0.587866, 0.29709]",[0.874628],"[0.0, 1.1]",[Int64[]],0.0,Motor dettached
289,"[0.587866, 0.29709]",[0.874628],"[0.0, 1.1]",[Int64[]],0.0,Motor dettached
290,"[0.587866, 0.29709]",[0.874628],"[0.0, 1.1]",[Int64[]],0.0,Motor dettached
291,"[0.587866, 0.29709]",[0.874628],"[0.0, 1.1]",[Int64[]],0.0,Motor dettached
292,"[0.587866, 0.29709]",[0.874628],"[0.0, 1.1]",[Int64[]],0.0,Motor dettached
293,"[0.587866, 0.29709]",[0.874628],"[0.0, 1.1]",[Int64[]],0.0,Motor dettached
294,"[0.587866, 0.29709]",[0.874628],"[0.0, 1.1]",[Int64[]],0.0,Motor dettached
295,"[0.587866, 0.29709]",[0.874628],"[0.0, 1.1]",[Int64[]],0.0,Motor dettached
296,"[0.587866, 0.29709]",[0.874628],"[0.0, 1.1]",[Int64[]],0.0,Motor dettached
297,"[0.587866, 0.29709]",[0.874628],"[0.0, 1.1]",[Int64[]],0.0,Motor dettached
298,"[0.587866, 0.29709]",[0.874628],"[0.0, 1.1]",[Int64[]],0.0,Motor dettached
299,"[0.587866, 0.29709]",[0.874628],"[0.0, 1.1]",[Int64[]],0.0,Motor dettached
300,"[0.587866, 0.29709]",[0.874628],"[0.0, 1.1]",[Int64[]],0.0,Motor dettached
301,"[0.587866, 0.29709]",[0.874628],"[0.0, 1.1]",[Int64[]],0.0,Motor dettached
302,"[0.587866, 0.29709]",[0.874628],"[0.0, 1.1]",[Int64[]],0.0,Motor dettached
303,"[0.587866, 0.29709]",[0.874628],"[0.0, 1.1]",[Int64[]],0.0,Motor dettached
304,"[0.587866, 0.29709]",[0.874628],"[0.0, 1.1]",[Int64[]],0.0,Motor dettached
305,"[0.587866, 0.29709]",[0.874628],"[0.0, 1.1]",[Int64[]],0.0,Motor dettached
306,"[0.587866, 0.29709]",[0.874628],"[0.0, 1.1]",[Int64[]],0.0,Motor dettached
307,"[0.587866, 0.29709]",[0.874628],"[0.0, 1.1]",[Int64[]],0.0,Motor dettached
308,"[0.587866, 0.29709]",[0.874628],"[0.0, 1.1]",[Int64[]],0.0,Motor dettached
309,"[0.587866, 0.29709]",[0.874628],"[0.0, 1.1]",[Int64[]],0.0,Motor dettached
310,"[0.587866, 0.29709]",[0.874628],"[0.0, 1.1]",[Int64[]],0.0,Motor dettached
311,"[0.587866, 0.29709]",[0.874628],"[0.0, 1.1]",[Int64[]],0.0,Motor dettached
312,"[0.587866, 0.29709]",[0.874628],"[0.0, 1.1]",[Int64[]],0.0,Motor dettached
313,"[0.587866, 0.29709]",[0.874628],"[0.0, 1.1]",[Int64[]],0.0,Motor dettached
314,"[0.587866, 0.29709]",[0.874628],"[0.0, 1.1]",[Int64[]],0.0,Motor dettached
315,"[0.587866, 0.29709]",[0.874628],"[0.0, 1.1]",[Int64[]],0.0,Motor dettached
316,"[0.587866, 0.29709]",[0.874628],"[0.0, 1.1]",[Int64[]],0.0,Motor dettached
317,"[0.587866, 0.29709]",[0.874628],"[0.0, 1.1]",[Int64[]],0.0,Motor dettached
318,"[0.587866, 0.29709]",[0.874628],"[0.0, 1.1]",[Int64[]],0.0,Motor dettached
319,"[0.587866, 0.29709]",[0.874628],"[0.0, 1.1]",[Int64[]],0.0,Motor dettached
320,"[0.587866, 0.29709]",[0.874628],"[0.0, 1.1]",[Int64[]],0.0,Motor dettached
321,"[0.587866, 0.29709]",[0.874628],"[0.0, 1.1]",[Int64[]],0.0,Motor dettached
322,"[0.587866, 0.29709]",[0.874628],"[0.0, 1.1]",[Int64[]],0.0,Motor dettached
323,"[0.587866, 0.29709]",[0.874628],"[0.0, 1.1]",[Int64[]],0.0,Motor dettached
324,"[0.587866, 0.29709]",[0.874628],"[0.0, 1.1]",[Int64[]],0.0,Motor dettached
325,"[0.587866, 0.29709]",[0.874628],"[0.0, 1.1]",[Int64[]],0.0,Motor dettached
326,"[0.587866, 0.29709]",[0.874628],"[0.0, 1.1]",[Int64[]],0.0,Motor dettached
327,"[0.587866, 0.29709]",[0.874628],"[0.0, 1.1]",[Int64[]],0.0,Motor dettached
328,"[0.587866, 0.29709]",[0.874628],"[0.0, 1.1]",[Int64[]],0.0,Motor dettached
329,"[0.587866, 0.29709]",[0.874628],"[0.0, 1.1]",[Int64[]],0.0,Motor dettached
330,"[0.587866, 0.29709]",[0.874628],"[0.0, 1.1]",[Int64[]],0.0,Motor dettached
331,"[0.587866, 0.29709]",[0.874628],"[0.0, 1.1]",[Int64[]],0.0,Motor dettached
332,"[0.587866, 0.29709]",[0.874628],"[0.0, 1.1]",[Int64[]],0.0,Motor dettached
333,"[0.587866, 0.29709]",[0.874628],"[0.0, 1.1]",[Int64[]],0.0,Motor dettached
334,"[0.587866, 0.29709]",[0.874628],"[0.0, 1.1]",[Int64[]],0.0,Motor dettached
335,"[0.587866, 0.29709]",[0.874628],"[0.0, 1.1]",[Int64[]],0.0,Motor dettached
336,"[0.587866, 0.29709]",[0.874628],"[0.0, 1.1]",[Int64[]],0.0,Motor dettached
337,"[0.587866, 0.29709]",[0.874628],"[0.0, 1.1]",[Int64[]],0.0,Motor dettached
338,"[0.587866, 0.29709]",[0.874628],"[0.0, 1.1]",[Int64[]],0.0,Motor dettached
339,"[0.587866, 0.29709]",[0.874628],"[0.0, 1.1]",[Int64[]],0.0,Motor dettached
340,"[0.587866, 0.29709]",[0.874628],"[0.0, 1.1]",[Int64[]],0.0,Motor dettached
341,"[0.587866, 0.29709]",[0.874628],"[0.0, 1.1]",[Int64[]],0.0,Motor dettached
342,"[0.587866, 0.29709]",[0.874628],"[0.0, 1.1]",[Int64[]],0.0,Motor dettached
343,"[0.587866, 0.29709]",[0.874628],"[0.0, 1.1]",[Int64[]],0.0,Motor dettached
344,"[0.587866, 0.29709]",[0.874628],"[0.0, 1.1]",[Int64[]],0.0,Motor dettached
345,"[0.587866, 0.29709]",[0.874628],"[0.0, 1.1]",[Int64[]],0.0,Motor dettached
346,"[0.587866, 0.29709]",[0.874628],"[0.0, 1.1]",[Int64[]],0.0,Motor dettached
347,"[0.587866, 0.29709]",[0.874628],"[0.0, 1.1]",[Int64[]],0.0,Motor dettached
348,"[0.587866, 0.29709]",[0.874628],"[0.0, 1.1]",[Int64[]],0.0,Motor dettached
349,"[0.587866, 0.29709]",[0.874628],"[0.0, 1.1]",[Int64[]],0.0,Motor dettached
350,"[0.587866, 0.29709]",[0.874628],"[0.0, 1.1]",[Int64[]],0.0,Motor dettached
351,"[0.587866, 0.29709]",[0.874628],"[0.0, 1.1]",[Int64[]],0.0,Motor dettached
352,"[0.587866, 0.29709]",[0.874628],"[0.0, 1.1]",[Int64[]],0.0,Motor dettached
353,"[0.587866, 0.29709]",[0.874628],"[0.0, 1.1]",[Int64[]],0.0,Motor dettached
354,"[0.587866, 0.29709]",[0.874628],"[0.0, 1.1]",[Int64[]],0.0,Motor dettached
355,"[0.587866, 0.29709]",[0.874628],"[0.0, 1.1]",[Int64[]],0.0,Motor dettached
356,"[0.587866, 0.29709]",[0.874628],"[0.0, 1.1]",[Int64[]],0.0,Motor dettached
357,"[0.587866, 0.29709]",[0.874628],"[0.0, 1.1]",[Int64[]],0.0,Motor dettached
358,"[0.587866, 0.29709]",[0.874628],"[0.0, 1.1]",[Int64[]],0.0,Motor dettached
359,"[0.587866, 0.29709]",[0.874628],"[0.0, 1.1]",[Int64[]],0.0,Motor dettached
360,"[0.587866, 0.29709]",[0.874628],"[0.0, 1.1]",[Int64[]],0.0,Motor dettached
361,"[0.587866, 0.29709]",[0.874628],"[0.0, 1.1]",[Int64[]],0.0,Motor dettached
362,"[0.587866, 0.29709]",[0.874628],"[0.0, 1.1]",[Int64[]],0.0,Motor dettached
363,"[0.587866, 0.29709]",[0.874628],"[0.0, 1.1]",[Int64[]],0.0,Motor dettached
364,"[0.587866, 0.29709]",[0.874628],"[0.0, 1.1]",[Int64[]],0.0,Motor dettached
365,"[0.587866, 0.29709]",[0.874628],"[0.0, 1.1]",[Int64[]],0.0,Motor dettached
366,"[0.587866, 0.29709]",[0.874628],"[0.0, 1.1]",[Int64[]],0.0,Motor dettached
367,"[0.587866, 0.29709]",[0.874628],"[0.0, 1.1]",[Int64[]],0.0,Motor dettached
368,"[0.587866, 0.29709]",[0.874628],"[0.0, 1.1]",[Int64[]],0.0,Motor dettached
369,"[0.587866, 0.29709]",[0.874628],"[0.0, 1.1]",[Int64[]],0.0,Motor dettached
370,"[0.587866, 0.29709]",[0.874628],"[0.0, 1.1]",[Int64[]],0.0,Motor dettached
371,"[0.587866, 0.29709]",[0.874628],"[0.0, 1.1]",[Int64[]],0.0,Motor dettached
372,"[0.587866, 0.29709]",[0.874628],"[0.0, 1.1]",[Int64[]],0.0,Motor dettached
373,"[0.587866, 0.29709]",[0.874628],"[0.0, 1.1]",[Int64[]],0.0,Motor dettached
374,"[0.587866, 0.29709]",[0.874628],"[0.0, 1.1]",[Int64[]],0.0,Motor dettached
375,"[0.587866, 0.29709]",[0.874628],"[0.0, 1.1]",[Int64[]],0.0,Motor dettached
376,"[0.587866, 0.29709]",[0.874628],"[0.0, 1.1]",[Int64[]],0.0,Motor dettached
377,"[0.587866, 0.29709]",[0.874628],"[0.0, 1.1]",[Int64[]],0.0,Motor dettached
378,"[0.587866, 0.29709]",[0.874628],"[0.0, 1.1]",[Int64[]],0.0,Motor dettached
379,"[0.587866, 0.29709]",[0.874628],"[0.0, 1.1]",[Int64[]],0.0,Motor dettached
380,"[0.587866, 0.29709]",[0.874628],"[0.0, 1.1]",[Int64[]],0.0,Motor dettached
381,"[0.587866, 0.29709]",[0.874628],"[0.0, 1.1]",[Int64[]],0.0,Motor dettached
382,"[0.587866, 0.29709]",[0.874628],"[0.0, 1.1]",[Int64[]],0.0,Motor dettached
383,"[0.587866, 0.29709]",[0.874628],"[0.0, 1.1]",[Int64[]],0.0,Motor dettached
384,"[0.587866, 0.29709]",[0.874628],"[0.0, 1.1]",[Int64[]],0.0,Motor dettached
385,"[0.587866, 0.29709]",[0.874628],"[0.0, 1.1]",[Int64[]],0.0,Motor dettached
386,"[0.587866, 0.29709]",[0.874628],"[0.0, 1.1]",[Int64[]],0.0,Motor dettached
387,"[0.587866, 0.29709]",[0.874628],"[0.0, 1.1]",[Int64[]],0.0,Motor dettached
388,"[0.587866, 0.29709]",[0.874628],"[0.0, 1.1]",[Int64[]],0.0,Motor dettached
389,"[0.587866, 0.29709]",[0.874628],"[0.0, 1.1]",[Int64[]],0.0,Motor dettached
390,"[0.587866, 0.29709]",[0.874628],"[0.0, 1.1]",[Int64[]],0.0,Motor dettached
391,"[0.587866, 0.29709]",[0.874628],"[0.0, 1.1]",[Int64[]],0.0,Motor dettached
392,"[0.587866, 0.29709]",[0.874628],"[0.0, 1.1]",[Int64[]],0.0,Motor dettached
393,"[0.587866, 0.29709]",[0.874628],"[0.0, 1.1]",[Int64[]],0.0,Motor dettached
394,"[0.587866, 0.29709]",[0.874628],"[0.0, 1.1]",[Int64[]],0.0,Motor dettached
395,"[0.587866, 0.29709]",[0.874628],"[0.0, 1.1]",[Int64[]],0.0,Motor dettached
396,"[0.587866, 0.29709]",[0.874628],"[0.0, 1.1]",[Int64[]],0.0,Motor dettached
397,"[0.587866, 0.29709]",[0.874628],"[0.0, 1.1]",[Int64[]],0.0,Motor dettached
398,"[0.587866, 0.29709]",[0.874628],"[0.0, 1.1]",[Int64[]],0.0,Motor dettached
399,"[0.587866, 0.29709]",[0.874628],"[0.0, 1.1]",[Int64[]],0.0,Motor dettached
400,"[0.587866, 0.29709]",[0.874628],"[0.0, 1.1]",[Int64[]],0.0,Motor dettached
401,"[0.587866, 0.29709]",[0.874628],"[0.0, 1.1]",[Int64[]],0.0,Motor dettached
402,"[0.587866, 0.29709]",[0.874628],"[0.0, 1.1]",[Int64[]],0.0,Motor dettached
403,"[0.587866, 0.29709]",[0.874628],"[0.0, 1.1]",[Int64[]],0.0,Motor dettached
404,"[0.587866, 0.29709]",[0.874628],"[0.0, 1.1]",[Int64[]],0.0,Motor dettached
405,"[0.587866, 0.29709]",[0.874628],"[0.0, 1.1]",[Int64[]],0.0,Motor dettached
406,"[0.587866, 0.29709]",[0.874628],"[0.0, 1.1]",[Int64[]],0.0,Motor dettached
407,"[0.587866, 0.29709]",[0.874628],"[0.0, 1.1]",[Int64[]],0.0,Motor dettached
408,"[0.587866, 0.29709]",[0.874628],"[0.0, 1.1]",[Int64[]],0.0,Motor dettached
409,"[0.587866, 0.29709]",[0.874628],"[0.0, 1.1]",[Int64[]],0.0,Motor dettached
410,"[0.587866, 0.29709]",[0.874628],"[0.0, 1.1]",[Int64[]],0.0,Motor dettached
411,"[0.587866, 0.29709]",[0.874628],"[0.0, 1.1]",[Int64[]],0.0,Motor dettached
412,"[0.587866, 0.29709]",[0.874628],"[0.0, 1.1]",[Int64[]],0.0,Motor dettached
413,"[0.587866, 0.29709]",[0.874628],"[0.0, 1.1]",[Int64[]],0.0,Motor dettached
414,"[0.587866, 0.29709]",[0.874628],"[0.0, 1.1]",[Int64[]],0.0,Motor dettached
415,"[0.587866, 0.29709]",[0.874628],"[0.0, 1.1]",[Int64[]],0.0,Motor dettached
416,"[0.587866, 0.29709]",[0.874628],"[0.0, 1.1]",[Int64[]],0.0,Motor dettached
417,"[0.587866, 0.29709]",[0.874628],"[0.0, 1.1]",[Int64[]],0.0,Motor dettached
418,"[0.587866, 0.29709]",[0.874628],"[0.0, 1.1]",[Int64[]],0.0,Motor dettached
419,"[0.587866, 0.29709]",[0.874628],"[0.0, 1.1]",[Int64[]],0.0,Motor dettached
420,"[0.587866, 0.29709]",[0.874628],"[0.0, 1.1]",[Int64[]],0.0,Motor dettached
421,"[0.587866, 0.29709]",[0.874628],"[0.0, 1.1]",[Int64[]],0.0,Motor dettached
422,"[0.587866, 0.29709]",[0.874628],"[0.0, 1.1]",[Int64[]],0.0,Motor dettached
423,"[0.587866, 0.29709]",[0.874628],"[0.0, 1.1]",[Int64[]],0.0,Motor dettached
424,"[0.587866, 0.29709]",[0.874628],"[0.0, 1.1]",[Int64[]],0.0,Motor dettached
425,"[0.587866, 0.29709]",[0.874628],"[0.0, 1.1]",[Int64[]],0.0,Motor dettached
426,"[0.587866, 0.29709]",[0.874628],"[0.0, 1.1]",[Int64[]],0.0,Motor dettached
427,"[0.587866, 0.29709]",[0.874628],"[0.0, 1.1]",[Int64[]],0.0,Motor dettached
428,"[0.587866, 0.29709]",[0.874628],"[0.0, 1.1]",[Int64[]],0.0,Motor dettached
429,"[0.587866, 0.29709]",[0.874628],"[0.0, 1.1]",[Int64[]],0.0,Motor dettached
430,"[0.587866, 0.29709]",[0.874628],"[0.0, 1.1]",[Int64[]],0.0,Motor dettached
431,"[0.587866, 0.29709]",[0.874628],"[0.0, 1.1]",[Int64[]],0.0,Motor dettached
432,"[0.587866, 0.29709]",[0.874628],"[0.0, 1.1]",[Int64[]],0.0,Motor dettached
433,"[0.587866, 0.29709]",[0.874628],"[0.0, 1.1]",[Int64[]],0.0,Motor dettached
434,"[0.587866, 0.29709]",[0.874628],"[0.0, 1.1]",[Int64[]],0.0,Motor dettached
435,"[0.587866, 0.29709]",[0.874628],"[0.0, 1.1]",[Int64[]],0.0,Motor dettached
436,"[0.587866, 0.29709]",[0.874628],"[0.0, 1.1]",[Int64[]],0.0,Motor dettached
437,"[0.587866, 0.29709]",[0.874628],"[0.0, 1.1]",[Int64[]],0.0,Motor dettached
438,"[0.587866, 0.29709]",[0.874628],"[0.0, 1.1]",[Int64[]],0.0,Motor dettached
439,"[0.587866, 0.29709]",[0.874628],"[0.0, 1.1]",[Int64[]],0.0,Motor dettached
440,"[0.587866, 0.29709]",[0.874628],"[0.0, 1.1]",[Int64[]],0.0,Motor dettached
441,"[0.587866, 0.29709]",[0.874628],"[0.0, 1.1]",[Int64[]],0.0,Motor dettached
442,"[0.587866, 0.29709]",[0.874628],"[0.0, 1.1]",[Int64[]],0.0,Motor dettached
443,"[0.587866, 0.29709]",[0.874628],"[0.0, 1.1]",[Int64[]],0.0,Motor dettached
444,"[0.587866, 0.29709]",[0.874628],"[0.0, 1.1]",[Int64[]],0.0,Motor dettached
445,"[0.587866, 0.29709]",[0.874628],"[0.0, 1.1]",[Int64[]],0.0,Motor dettached
446,"[0.587866, 0.29709]",[0.874628],"[0.0, 1.1]",[Int64[]],0.0,Motor dettached
447,"[0.587866, 0.29709]",[0.874628],"[0.0, 1.1]",[Int64[]],0.0,Motor dettached
448,"[0.587866, 0.29709]",[0.874628],"[0.0, 1.1]",[Int64[]],0.0,Motor dettached
449,"[0.587866, 0.29709]",[0.874628],"[0.0, 1.1]",[Int64[]],0.0,Motor dettached
450,"[0.587866, 0.29709]",[0.874628],"[0.0, 1.1]",[Int64[]],0.0,Motor dettached
451,"[0.587866, 0.29709]",[0.874628],"[0.0, 1.1]",[Int64[]],0.0,Motor dettached
452,"[0.587866, 0.29709]",[0.874628],"[0.0, 1.1]",[Int64[]],0.0,Motor dettached
453,"[0.587866, 0.29709]",[0.874628],"[0.0, 1.1]",[Int64[]],0.0,Motor dettached
454,"[0.587866, 0.29709]",[0.874628],"[0.0, 1.1]",[Int64[]],0.0,Motor dettached
455,"[0.587866, 0.29709]",[0.874628],"[0.0, 1.1]",[Int64[]],0.0,Motor dettached
456,"[0.587866, 0.29709]",[0.874628],"[0.0, 1.1]",[Int64[]],0.0,Motor dettached
457,"[0.587866, 0.29709]",[0.874628],"[0.0, 1.1]",[Int64[]],0.0,Motor dettached
458,"[0.587866, 0.29709]",[0.874628],"[0.0, 1.1]",[Int64[]],0.0,Motor dettached
459,"[0.587866, 0.29709]",[0.874628],"[0.0, 1.1]",[Int64[]],0.0,Motor dettached
460,"[0.587866, 0.29709]",[0.874628],"[0.0, 1.1]",[Int64[]],0.0,Motor dettached
461,"[0.587866, 0.29709]",[0.874628],"[0.0, 1.1]",[Int64[]],0.0,Motor dettached
462,"[0.587866, 0.29709]",[0.874628],"[0.0, 1.1]",[Int64[]],0.0,Motor dettached
463,"[0.587866, 0.29709]",[0.874628],"[0.0, 1.1]",[Int64[]],0.0,Motor dettached
464,"[0.587866, 0.29709]",[0.874628],"[0.0, 1.1]",[Int64[]],0.0,Motor dettached
465,"[0.587866, 0.29709]",[0.874628],"[0.0, 1.1]",[Int64[]],0.0,Motor dettached
466,"[0.587866, 0.29709]",[0.874628],"[0.0, 1.1]",[Int64[]],0.0,Motor dettached
467,"[0.587866, 0.29709]",[0.874628],"[0.0, 1.1]",[Int64[]],0.0,Motor dettached
468,"[0.587866, 0.29709]",[0.874628],"[0.0, 1.1]",[Int64[]],0.0,Motor dettached
469,"[0.587866, 0.29709]",[0.874628],"[0.0, 1.1]",[Int64[]],0.0,Motor dettached
470,"[0.587866, 0.29709]",[0.874628],"[0.0, 1.1]",[Int64[]],0.0,Motor dettached
471,"[0.587866, 0.29709]",[0.874628],"[0.0, 1.1]",[Int64[]],0.0,Motor dettached
472,"[0.587866, 0.29709]",[0.874628],"[0.0, 1.1]",[Int64[]],0.0,Motor dettached
473,"[0.587866, 0.29709]",[0.874628],"[0.0, 1.1]",[Int64[]],0.0,Motor dettached
474,"[0.587866, 0.29709]",[0.874628],"[0.0, 1.1]",[Int64[]],0.0,Motor dettached
475,"[0.587866, 0.29709]",[0.874628],"[0.0, 1.1]",[Int64[]],0.0,Motor dettached
476,"[0.587866, 0.29709]",[0.874628],"[0.0, 1.1]",[Int64[]],0.0,Motor dettached
477,"[0.587866, 0.29709]",[0.874628],"[0.0, 1.1]",[Int64[]],0.0,Motor dettached
478,"[0.587866, 0.29709]",[0.874628],"[0.0, 1.1]",[Int64[]],0.0,Motor dettached
479,"[0.587866, 0.29709]",[0.874628],"[0.0, 1.1]",[Int64[]],0.0,Motor dettached
480,"[0.587866, 0.29709]",[0.874628],"[0.0, 1.1]",[Int64[]],0.0,Motor dettached
481,"[0.587866, 0.29709]",[0.874628],"[0.0, 1.1]",[Int64[]],0.0,Motor dettached
482,"[0.587866, 0.29709]",[0.874628],"[0.0, 1.1]",[Int64[]],0.0,Motor dettached
483,"[0.587866, 0.29709]",[0.874628],"[0.0, 1.1]",[Int64[]],0.0,Motor dettached
484,"[0.587866, 0.29709]",[0.874628],"[0.0, 1.1]",[Int64[]],0.0,Motor dettached
485,"[0.587866, 0.29709]",[0.874628],"[0.0, 1.1]",[Int64[]],0.0,Motor dettached
486,"[0.587866, 0.29709]",[0.874628],"[0.0, 1.1]",[Int64[]],0.0,Motor dettached
487,"[0.587866, 0.29709]",[0.874628],"[0.0, 1.1]",[Int64[]],0.0,Motor dettached
488,"[0.587866, 0.29709]",[0.874628],"[0.0, 1.1]",[Int64[]],0.0,Motor dettached
489,"[0.587866, 0.29709]",[0.874628],"[0.0, 1.1]",[Int64[]],0.0,Motor dettached
490,"[0.587866, 0.29709]",[0.874628],"[0.0, 1.1]",[Int64[]],0.0,Motor dettached
491,"[0.587866, 0.29709]",[0.874628],"[0.0, 1.1]",[Int64[]],0.0,Motor dettached
492,"[0.587866, 0.29709]",[0.874628],"[0.0, 1.1]",[Int64[]],0.0,Motor dettached
493,"[0.587866, 0.29709]",[0.874628],"[0.0, 1.1]",[Int64[]],0.0,Motor dettached
494,"[0.587866, 0.29709]",[0.874628],"[0.0, 1.1]",[Int64[]],0.0,Motor dettached
495,"[0.587866, 0.29709]",[0.874628],"[0.0, 1.1]",[Int64[]],0.0,Motor dettached
496,"[0.587866, 0.29709]",[0.874628],"[0.0, 1.1]",[Int64[]],0.0,Motor dettached
497,"[0.587866, 0.29709]",[0.874628],"[0.0, 1.1]",[Int64[]],0.0,Motor dettached
498,"[0.587866, 0.29709]",[0.874628],"[0.0, 1.1]",[Int64[]],0.0,Motor dettached
499,"[0.587866, 0.29709]",[0.874628],"[0.0, 1.1]",[Int64[]],0.0,Motor dettached
500,"[0.587866, 0.29709]",[0.874628],"[0.0, 1.1]",[Int64[]],0.0,Motor dettached
501,"[0.587866, 0.29709]",[0.874628],"[0.0, 1.1]",[Int64[]],0.0,Motor dettached
502,"[0.587866, 0.29709]",[0.874628],"[0.0, 1.1]",[Int64[]],0.0,Motor dettached
503,"[0.587866, 0.29709]",[0.874628],"[0.0, 1.1]",[Int64[]],0.0,Motor dettached
504,"[0.587866, 0.29709]",[0.874628],"[0.0, 1.1]",[Int64[]],0.0,Motor dettached
505,"[0.587866, 0.29709]",[0.874628],"[0.0, 1.1]",[Int64[]],0.0,Motor dettached
506,"[0.587866, 0.29709]",[0.874628],"[0.0, 1.1]",[Int64[]],0.0,Motor dettached
507,"[0.587866, 0.29709]",[0.874628],"[0.0, 1.1]",[Int64[]],0.0,Motor dettached
508,"[0.587866, 0.29709]",[0.874628],"[0.0, 1.1]",[Int64[]],0.0,Motor dettached
509,"[0.587866, 0.29709]",[0.874628],"[0.0, 1.1]",[Int64[]],0.0,Motor dettached
510,"[0.587866, 0.29709]",[0.874628],"[0.0, 1.1]",[Int64[]],0.0,Motor dettached
511,"[0.587866, 0.29709]",[0.874628],"[0.0, 1.1]",[Int64[]],0.0,Motor dettached
512,"[0.587866, 0.29709]",[0.874628],"[0.0, 1.1]",[Int64[]],0.0,Motor dettached
513,"[0.587866, 0.29709]",[0.874628],"[0.0, 1.1]",[Int64[]],0.0,Motor dettached
514,"[0.587866, 0.29709]",[0.874628],"[0.0, 1.1]",[Int64[]],0.0,Motor dettached
515,"[0.587866, 0.29709]",[0.874628],"[0.0, 1.1]",[Int64[]],0.0,Motor dettached
516,"[0.587866, 0.29709]",[0.874628],"[0.0, 1.1]",[Int64[]],0.0,Motor dettached
517,"[0.587866, 0.29709]",[0.874628],"[0.0, 1.1]",[Int64[]],0.0,Motor dettached
518,"[0.587866, 0.29709]",[0.874628],"[0.0, 1.1]",[Int64[]],0.0,Motor dettached
519,"[0.587866, 0.29709]",[0.874628],"[0.0, 1.1]",[Int64[]],0.0,Motor dettached
520,"[0.587866, 0.29709]",[0.874628],"[0.0, 1.1]",[Int64[]],0.0,Motor dettached
521,"[0.587866, 0.29709]",[0.874628],"[0.0, 1.1]",[Int64[]],0.0,Motor dettached
522,"[0.587866, 0.29709]",[0.874628],"[0.0, 1.1]",[Int64[]],0.0,Motor dettached
523,"[0.587866, 0.29709]",[0.874628],"[0.0, 1.1]",[Int64[]],0.0,Motor dettached
524,"[0.587866, 0.29709]",[0.874628],"[0.0, 1.1]",[Int64[]],0.0,Motor dettached
525,"[0.587866, 0.29709]",[0.874628],"[0.0, 1.1]",[Int64[]],0.0,Motor dettached
526,"[0.587866, 0.29709]",[0.874628],"[0.0, 1.1]",[Int64[]],0.0,Motor dettached
527,"[0.587866, 0.29709]",[0.874628],"[0.0, 1.1]",[Int64[]],0.0,Motor dettached
528,"[0.587866, 0.29709]",[0.874628],"[0.0, 1.1]",[Int64[]],0.0,Motor dettached
529,"[0.587866, 0.29709]",[0.874628],"[0.0, 1.1]",[Int64[]],0.0,Motor dettached
530,"[0.587866, 0.29709]",[0.874628],"[0.0, 1.1]",[Int64[]],0.0,Motor dettached
531,"[0.587866, 0.29709]",[0.874628],"[0.0, 1.1]",[Int64[]],0.0,Motor dettached
532,"[0.587866, 0.29709]",[0.874628],"[0.0, 1.1]",[Int64[]],0.0,Motor dettached
533,"[0.587866, 0.29709]",[0.874628],"[0.0, 1.1]",[Int64[]],0.0,Motor dettached
534,"[0.587866, 0.29709]",[0.874628],"[0.0, 1.1]",[Int64[]],0.0,Motor dettached
535,"[0.587866, 0.29709]",[0.874628],"[0.0, 1.1]",[Int64[]],0.0,Motor dettached
536,"[0.587866, 0.29709]",[0.874628],"[0.0, 1.1]",[Int64[]],0.0,Motor dettached
537,"[0.587866, 0.29709]",[0.874628],"[0.0, 1.1]",[Int64[]],0.0,Motor dettached
538,"[0.587866, 0.29709]",[0.874628],"[0.0, 1.1]",[Int64[]],0.0,Motor dettached
539,"[0.587866, 0.29709]",[0.874628],"[0.0, 1.1]",[Int64[]],0.0,Motor dettached
540,"[0.587866, 0.29709]",[0.874628],"[0.0, 1.1]",[Int64[]],0.0,Motor dettached
541,"[0.587866, 0.29709]",[0.874628],"[0.0, 1.1]",[Int64[]],0.0,Motor dettached
542,"[0.587866, 0.29709]",[0.874628],"[0.0, 1.1]",[Int64[]],0.0,Motor dettached
543,"[0.587866, 0.29709]",[0.874628],"[0.0, 1.1]",[Int64[]],0.0,Motor dettached
544,"[0.587866, 0.29709]",[0.874628],"[0.0, 1.1]",[Int64[]],0.0,Motor dettached
545,"[0.587866, 0.29709]",[0.874628],"[0.0, 1.1]",[Int64[]],0.0,Motor dettached
546,"[0.587866, 0.29709]",[0.874628],"[0.0, 1.1]",[Int64[]],0.0,Motor dettached
547,"[0.587866, 0.29709]",[0.874628],"[0.0, 1.1]",[Int64[]],0.0,Motor dettached
548,"[0.587866, 0.29709]",[0.874628],"[0.0, 1.1]",[Int64[]],0.0,Motor dettached
549,"[0.587866, 0.29709]",[0.874628],"[0.0, 1.1]",[Int64[]],0.0,Motor dettached
550,"[0.587866, 0.29709]",[0.874628],"[0.0, 1.1]",[Int64[]],0.0,Motor dettached
551,"[0.587866, 0.29709]",[0.874628],"[0.0, 1.1]",[Int64[]],0.0,Motor dettached
552,"[0.587866, 0.29709]",[0.874628],"[0.0, 1.1]",[Int64[]],0.0,Motor dettached
553,"[0.587866, 0.29709]",[0.874628],"[0.0, 1.1]",[Int64[]],0.0,Motor dettached
554,"[0.587866, 0.29709]",[0.874628],"[0.0, 1.1]",[Int64[]],0.0,Motor dettached
555,"[0.587866, 0.29709]",[0.874628],"[0.0, 1.1]",[Int64[]],0.0,Motor dettached
556,"[0.587866, 0.29709]",[0.874628],"[0.0, 1.1]",[Int64[]],0.0,Motor dettached
557,"[0.587866, 0.29709]",[0.874628],"[0.0, 1.1]",[Int64[]],0.0,Motor dettached
558,"[0.587866, 0.29709]",[0.874628],"[0.0, 1.1]",[Int64[]],0.0,Motor dettached
559,"[0.587866, 0.29709]",[0.874628],"[0.0, 1.1]",[Int64[]],0.0,Motor dettached
560,"[0.587866, 0.29709]",[0.874628],"[0.0, 1.1]",[Int64[]],0.0,Motor dettached
561,"[0.587866, 0.29709]",[0.874628],"[0.0, 1.1]",[Int64[]],0.0,Motor dettached
562,"[0.587866, 0.29709]",[0.874628],"[0.0, 1.1]",[Int64[]],0.0,Motor dettached
563,"[0.587866, 0.29709]",[0.874628],"[0.0, 1.1]",[Int64[]],0.0,Motor dettached
564,"[0.587866, 0.29709]",[0.874628],"[0.0, 1.1]",[Int64[]],0.0,Motor dettached
565,"[0.587866, 0.29709]",[0.874628],"[0.0, 1.1]",[Int64[]],0.0,Motor dettached
566,"[0.587866, 0.29709]",[0.874628],"[0.0, 1.1]",[Int64[]],0.0,Motor dettached
567,"[0.587866, 0.29709]",[0.874628],"[0.0, 1.1]",[Int64[]],0.0,Motor dettached
568,"[0.587866, 0.29709]",[0.874628],"[0.0, 1.1]",[Int64[]],0.0,Motor dettached
569,"[0.587866, 0.29709]",[0.874628],"[0.0, 1.1]",[Int64[]],0.0,Motor dettached
570,"[0.587866, 0.29709]",[0.874628],"[0.0, 1.1]",[Int64[]],0.0,Motor dettached
571,"[0.587866, 0.29709]",[0.874628],"[0.0, 1.1]",[Int64[]],0.0,Motor dettached
572,"[0.587866, 0.29709]",[0.874628],"[0.0, 1.1]",[Int64[]],0.0,Motor dettached
573,"[0.587866, 0.29709]",[0.874628],"[0.0, 1.1]",[Int64[]],0.0,Motor dettached
574,"[0.587866, 0.29709]",[0.874628],"[0.0, 1.1]",[Int64[]],0.0,Motor dettached
575,"[0.587866, 0.29709]",[0.874628],"[0.0, 1.1]",[Int64[]],0.0,Motor dettached
576,"[0.587866, 0.29709]",[0.874628],"[0.0, 1.1]",[Int64[]],0.0,Motor dettached
577,"[0.587866, 0.29709]",[0.874628],"[0.0, 1.1]",[Int64[]],0.0,Motor dettached
578,"[0.587866, 0.29709]",[0.874628],"[0.0, 1.1]",[Int64[]],0.0,Motor dettached
579,"[0.587866, 0.29709]",[0.874628],"[0.0, 1.1]",[Int64[]],0.0,Motor dettached
580,"[0.587866, 0.29709]",[0.874628],"[0.0, 1.1]",[Int64[]],0.0,Motor dettached
581,"[0.587866, 0.29709]",[0.874628],"[0.0, 1.1]",[Int64[]],0.0,Motor dettached
582,"[0.587866, 0.29709]",[0.874628],"[0.0, 1.1]",[Int64[]],0.0,Motor dettached
583,"[0.587866, 0.29709]",[0.874628],"[0.0, 1.1]",[Int64[]],0.0,Motor dettached
584,"[0.587866, 0.29709]",[0.874628],"[0.0, 1.1]",[Int64[]],0.0,Motor dettached
585,"[0.587866, 0.29709]",[0.874628],"[0.0, 1.1]",[Int64[]],0.0,Motor dettached
586,"[0.587866, 0.29709]",[0.874628],"[0.0, 1.1]",[Int64[]],0.0,Motor dettached
587,"[0.587866, 0.29709]",[0.874628],"[0.0, 1.1]",[Int64[]],0.0,Motor dettached
588,"[0.587866, 0.29709]",[0.874628],"[0.0, 1.1]",[Int64[]],0.0,Motor dettached
589,"[0.587866, 0.29709]",[0.874628],"[0.0, 1.1]",[Int64[]],0.0,Motor dettached
590,"[0.587866, 0.29709]",[0.874628],"[0.0, 1.1]",[Int64[]],0.0,Motor dettached
591,"[0.587866, 0.29709]",[0.874628],"[0.0, 1.1]",[Int64[]],0.0,Motor dettached
592,"[0.587866, 0.29709]",[0.874628],"[0.0, 1.1]",[Int64[]],0.0,Motor dettached
593,"[0.587866, 0.29709]",[0.874628],"[0.0, 1.1]",[Int64[]],0.0,Motor dettached
594,"[0.587866, 0.29709]",[0.874628],"[0.0, 1.1]",[Int64[]],0.0,Motor dettached
595,"[0.587866, 0.29709]",[0.874628],"[0.0, 1.1]",[Int64[]],0.0,Motor dettached
596,"[0.587866, 0.29709]",[0.874628],"[0.0, 1.1]",[Int64[]],0.0,Motor dettached
597,"[0.587866, 0.29709]",[0.874628],"[0.0, 1.1]",[Int64[]],0.0,Motor dettached
598,"[0.587866, 0.29709]",[0.874628],"[0.0, 1.1]",[Int64[]],0.0,Motor dettached
599,"[0.587866, 0.29709]",[0.874628],"[0.0, 1.1]",[Int64[]],0.0,Motor dettached
600,"[0.587866, 0.29709]",[0.874628],"[0.0, 1.1]",[Int64[]],0.0,Motor dettached
601,"[0.587866, 0.29709]",[0.874628],"[0.0, 1.1]",[Int64[]],0.0,Motor dettached
602,"[0.587866, 0.29709]",[0.874628],"[0.0, 1.1]",[Int64[]],0.0,Motor dettached
603,"[0.587866, 0.29709]",[0.874628],"[0.0, 1.1]",[Int64[]],0.0,Motor dettached
604,"[0.587866, 0.29709]",[0.874628],"[0.0, 1.1]",[Int64[]],0.0,Motor dettached
605,"[0.587866, 0.29709]",[0.874628],"[0.0, 1.1]",[Int64[]],0.0,Motor dettached
606,"[0.587866, 0.29709]",[0.874628],"[0.0, 1.1]",[Int64[]],0.0,Motor dettached
607,"[0.587866, 0.29709]",[0.874628],"[0.0, 1.1]",[Int64[]],0.0,Motor dettached
608,"[0.587866, 0.29709]",[0.874628],"[0.0, 1.1]",[Int64[]],0.0,Motor dettached
609,"[0.587866, 0.29709]",[0.874628],"[0.0, 1.1]",[Int64[]],0.0,Motor dettached
610,"[0.587866, 0.29709]",[0.874628],"[0.0, 1.1]",[Int64[]],0.0,Motor dettached
611,"[0.587866, 0.29709]",[0.874628],"[0.0, 1.1]",[Int64[]],0.0,Motor dettached
612,"[0.587866, 0.29709]",[0.874628],"[0.0, 1.1]",[Int64[]],0.0,Motor dettached
613,"[0.587866, 0.29709]",[0.874628],"[0.0, 1.1]",[Int64[]],0.0,Motor dettached
614,"[0.587866, 0.29709]",[0.874628],"[0.0, 1.1]",[Int64[]],0.0,Motor dettached
615,"[0.587866, 0.29709]",[0.874628],"[0.0, 1.1]",[Int64[]],0.0,Motor dettached
616,"[0.587866, 0.29709]",[0.874628],"[0.0, 1.1]",[Int64[]],0.0,Motor dettached
617,"[0.587866, 0.29709]",[0.874628],"[0.0, 1.1]",[Int64[]],0.0,Motor dettached
618,"[0.587866, 0.29709]",[0.874628],"[0.0, 1.1]",[Int64[]],0.0,Motor dettached
619,"[0.587866, 0.29709]",[0.874628],"[0.0, 1.1]",[Int64[]],0.0,Motor dettached
620,"[0.587866, 0.29709]",[0.874628],"[0.0, 1.1]",[Int64[]],0.0,Motor dettached
621,"[0.587866, 0.29709]",[0.874628],"[0.0, 1.1]",[Int64[]],0.0,Motor dettached
622,"[0.587866, 0.29709]",[0.874628],"[0.0, 1.1]",[Int64[]],0.0,Motor dettached
623,"[0.587866, 0.29709]",[0.874628],"[0.0, 1.1]",[Int64[]],0.0,Motor dettached
624,"[0.587866, 0.29709]",[0.874628],"[0.0, 1.1]",[Int64[]],0.0,Motor dettached
625,"[0.587866, 0.29709]",[0.874628],"[0.0, 1.1]",[Int64[]],0.0,Motor dettached
626,"[0.587866, 0.29709]",[0.874628],"[0.0, 1.1]",[Int64[]],0.0,Motor dettached
627,"[0.587866, 0.29709]",[0.874628],"[0.0, 1.1]",[Int64[]],0.0,Motor dettached
628,"[0.587866, 0.29709]",[0.874628],"[0.0, 1.1]",[Int64[]],0.0,Motor dettached
629,"[0.587866, 0.29709]",[0.874628],"[0.0, 1.1]",[Int64[]],0.0,Motor dettached
630,"[0.587866, 0.29709]",[0.874628],"[0.0, 1.1]",[Int64[]],0.0,Motor dettached
631,"[0.587866, 0.29709]",[0.874628],"[0.0, 1.1]",[Int64[]],0.0,Motor dettached
632,"[0.587866, 0.29709]",[0.874628],"[0.0, 1.1]",[Int64[]],0.0,Motor dettached
633,"[0.587866, 0.29709]",[0.874628],"[0.0, 1.1]",[Int64[]],0.0,Motor dettached
634,"[0.587866, 0.29709]",[0.874628],"[0.0, 1.1]",[Int64[]],0.0,Motor dettached
635,"[0.587866, 0.29709]",[0.874628],"[0.0, 1.1]",[Int64[]],0.0,Motor dettached
636,"[0.587866, 0.29709]",[0.874628],"[0.0, 1.1]",[Int64[]],0.0,Motor dettached
637,"[0.587866, 0.29709]",[0.874628],"[0.0, 1.1]",[Int64[]],0.0,Motor dettached
638,"[0.587866, 0.29709]",[0.874628],"[0.0, 1.1]",[Int64[]],0.0,Motor dettached
639,"[0.587866, 0.29709]",[0.874628],"[0.0, 1.1]",[Int64[]],0.0,Motor dettached
640,"[0.587866, 0.29709]",[0.874628],"[0.0, 1.1]",[Int64[]],0.0,Motor dettached
641,"[0.587866, 0.29709]",[0.874628],"[0.0, 1.1]",[Int64[]],0.0,Motor dettached
642,"[0.587866, 0.29709]",[0.874628],"[0.0, 1.1]",[Int64[]],0.0,Motor dettached
643,"[0.587866, 0.29709]",[0.874628],"[0.0, 1.1]",[Int64[]],0.0,Motor dettached
644,"[0.587866, 0.29709]",[0.874628],"[0.0, 1.1]",[Int64[]],0.0,Motor dettached
645,"[0.587866, 0.29709]",[0.874628],"[0.0, 1.1]",[Int64[]],0.0,Motor dettached
646,"[0.587866, 0.29709]",[0.874628],"[0.0, 1.1]",[Int64[]],0.0,Motor dettached
647,"[0.587866, 0.29709]",[0.874628],"[0.0, 1.1]",[Int64[]],0.0,Motor dettached
648,"[0.587866, 0.29709]",[0.874628],"[0.0, 1.1]",[Int64[]],0.0,Motor dettached
649,"[0.587866, 0.29709]",[0.874628],"[0.0, 1.1]",[Int64[]],0.0,Motor dettached
650,"[0.587866, 0.29709]",[0.874628],"[0.0, 1.1]",[Int64[]],0.0,Motor dettached
651,"[0.587866, 0.29709]",[0.874628],"[0.0, 1.1]",[Int64[]],0.0,Motor dettached
652,"[0.587866, 0.29709]",[0.874628],"[0.0, 1.1]",[Int64[]],0.0,Motor dettached
653,"[0.587866, 0.29709]",[0.874628],"[0.0, 1.1]",[Int64[]],0.0,Motor dettached
654,"[0.587866, 0.29709]",[0.874628],"[0.0, 1.1]",[Int64[]],0.0,Motor dettached
655,"[0.587866, 0.29709]",[0.874628],"[0.0, 1.1]",[Int64[]],0.0,Motor dettached
656,"[0.587866, 0.29709]",[0.874628],"[0.0, 1.1]",[Int64[]],0.0,Motor dettached
657,"[0.587866, 0.29709]",[0.874628],"[0.0, 1.1]",[Int64[]],0.0,Motor dettached
658,"[0.587866, 0.29709]",[0.874628],"[0.0, 1.1]",[Int64[]],0.0,Motor dettached
659,"[0.587866, 0.29709]",[0.874628],"[0.0, 1.1]",[Int64[]],0.0,Motor dettached
660,"[0.587866, 0.29709]",[0.874628],"[0.0, 1.1]",[Int64[]],0.0,Motor dettached
661,"[0.587866, 0.29709]",[0.874628],"[0.0, 1.1]",[Int64[]],0.0,Motor dettached
662,"[0.587866, 0.29709]",[0.874628],"[0.0, 1.1]",[Int64[]],0.0,Motor dettached
663,"[0.587866, 0.29709]",[0.874628],"[0.0, 1.1]",[Int64[]],0.0,Motor dettached
664,"[0.587866, 0.29709]",[0.874628],"[0.0, 1.1]",[Int64[]],0.0,Motor dettached
665,"[0.587866, 0.29709]",[0.874628],"[0.0, 1.1]",[Int64[]],0.0,Motor dettached
666,"[0.587866, 0.29709]",[0.874628],"[0.0, 1.1]",[Int64[]],0.0,Motor dettached
667,"[0.587866, 0.29709]",[0.874628],"[0.0, 1.1]",[Int64[]],0.0,Motor dettached
668,"[0.587866, 0.29709]",[0.874628],"[0.0, 1.1]",[Int64[]],0.0,Motor dettached
669,"[0.587866, 0.29709]",[0.874628],"[0.0, 1.1]",[Int64[]],0.0,Motor dettached
670,"[0.587866, 0.29709]",[0.874628],"[0.0, 1.1]",[Int64[]],0.0,Motor dettached
671,"[0.587866, 0.29709]",[0.874628],"[0.0, 1.1]",[Int64[]],0.0,Motor dettached
672,"[0.587866, 0.29709]",[0.874628],"[0.0, 1.1]",[Int64[]],0.0,Motor dettached
673,"[0.587866, 0.29709]",[0.874628],"[0.0, 1.1]",[Int64[]],0.0,Motor dettached
674,"[0.587866, 0.29709]",[0.874628],"[0.0, 1.1]",[Int64[]],0.0,Motor dettached
675,"[0.587866, 0.29709]",[0.874628],"[0.0, 1.1]",[Int64[]],0.0,Motor dettached
676,"[0.587866, 0.29709]",[0.874628],"[0.0, 1.1]",[Int64[]],0.0,Motor dettached
677,"[0.587866, 0.29709]",[0.874628],"[0.0, 1.1]",[Int64[]],0.0,Motor dettached
678,"[0.587866, 0.29709]",[0.874628],"[0.0, 1.1]",[Int64[]],0.0,Motor dettached
679,"[0.587866, 0.29709]",[0.874628],"[0.0, 1.1]",[Int64[]],0.0,Motor dettached
680,"[0.587866, 0.29709]",[0.874628],"[0.0, 1.1]",[Int64[]],0.0,Motor dettached
681,"[0.587866, 0.29709]",[0.874628],"[0.0, 1.1]",[Int64[]],0.0,Motor dettached
682,"[0.587866, 0.29709]",[0.874628],"[0.0, 1.1]",[Int64[]],0.0,Motor dettached
683,"[0.587866, 0.29709]",[0.874628],"[0.0, 1.1]",[Int64[]],0.0,Motor dettached
684,"[0.587866, 0.29709]",[0.874628],"[0.0, 1.1]",[Int64[]],0.0,Motor dettached
685,"[0.587866, 0.29709]",[0.874628],"[0.0, 1.1]",[Int64[]],0.0,Motor dettached
686,"[0.587866, 0.29709]",[0.874628],"[0.0, 1.1]",[Int64[]],0.0,Motor dettached
687,"[0.587866, 0.29709]",[0.874628],"[0.0, 1.1]",[Int64[]],0.0,Motor dettached
688,"[0.587866, 0.29709]",[0.874628],"[0.0, 1.1]",[Int64[]],0.0,Motor dettached
689,"[0.587866, 0.29709]",[0.874628],"[0.0, 1.1]",[Int64[]],0.0,Motor dettached
690,"[0.587866, 0.29709]",[0.874628],"[0.0, 1.1]",[Int64[]],0.0,Motor dettached
691,"[0.587866, 0.29709]",[0.874628],"[0.0, 1.1]",[Int64[]],0.0,Motor dettached
692,"[0.587866, 0.29709]",[0.874628],"[0.0, 1.1]",[Int64[]],0.0,Motor dettached
693,"[0.587866, 0.29709]",[0.874628],"[0.0, 1.1]",[Int64[]],0.0,Motor dettached
694,"[0.587866, 0.29709]",[0.874628],"[0.0, 1.1]",[Int64[]],0.0,Motor dettached
695,"[0.587866, 0.29709]",[0.874628],"[0.0, 1.1]",[Int64[]],0.0,Motor dettached
696,"[0.587866, 0.29709]",[0.874628],"[0.0, 1.1]",[Int64[]],0.0,Motor dettached
697,"[0.587866, 0.29709]",[0.874628],"[0.0, 1.1]",[Int64[]],0.0,Motor dettached
698,"[0.587866, 0.29709]",[0.874628],"[0.0, 1.1]",[Int64[]],0.0,Motor dettached
699,"[0.587866, 0.29709]",[0.874628],"[0.0, 1.1]",[Int64[]],0.0,Motor dettached
700,"[0.587866, 0.29709]",[0.874628],"[0.0, 1.1]",[Int64[]],0.0,Motor dettached
701,"[0.587866, 0.29709]",[0.874628],"[0.0, 1.1]",[Int64[]],0.0,Motor dettached
702,"[0.587866, 0.29709]",[0.874628],"[0.0, 1.1]",[Int64[]],0.0,Motor dettached
703,"[0.587866, 0.29709]",[0.874628],"[0.0, 1.1]",[Int64[]],0.0,Motor dettached
704,"[0.587866, 0.29709]",[0.874628],"[0.0, 1.1]",[Int64[]],0.0,Motor dettached
705,"[0.587866, 0.29709]",[0.874628],"[0.0, 1.1]",[Int64[]],0.0,Motor dettached
706,"[0.587866, 0.29709]",[0.874628],"[0.0, 1.1]",[Int64[]],0.0,Motor dettached
707,"[0.587866, 0.29709]",[0.874628],"[0.0, 1.1]",[Int64[]],0.0,Motor dettached
708,"[0.587866, 0.29709]",[0.874628],"[0.0, 1.1]",[Int64[]],0.0,Motor dettached
709,"[0.587866, 0.29709]",[0.874628],"[0.0, 1.1]",[Int64[]],0.0,Motor dettached
710,"[0.587866, 0.29709]",[0.874628],"[0.0, 1.1]",[Int64[]],0.0,Motor dettached
711,"[0.587866, 0.29709]",[0.874628],"[0.0, 1.1]",[Int64[]],0.0,Motor dettached
712,"[0.587866, 0.29709]",[0.874628],"[0.0, 1.1]",[Int64[]],0.0,Motor dettached
713,"[0.587866, 0.29709]",[0.874628],"[0.0, 1.1]",[Int64[]],0.0,Motor dettached
714,"[0.587866, 0.29709]",[0.874628],"[0.0, 1.1]",[Int64[]],0.0,Motor dettached
715,"[0.587866, 0.29709]",[0.874628],"[0.0, 1.1]",[Int64[]],0.0,Motor dettached
716,"[0.587866, 0.29709]",[0.874628],"[0.0, 1.1]",[Int64[]],0.0,Motor dettached
717,"[0.587866, 0.29709]",[0.874628],"[0.0, 1.1]",[Int64[]],0.0,Motor dettached
718,"[0.587866, 0.29709]",[0.874628],"[0.0, 1.1]",[Int64[]],0.0,Motor dettached
719,"[0.587866, 0.29709]",[0.874628],"[0.0, 1.1]",[Int64[]],0.0,Motor dettached
720,"[0.587866, 0.29709]",[0.874628],"[0.0, 1.1]",[Int64[]],0.0,Motor dettached
721,"[0.587866, 0.29709]",[0.874628],"[0.0, 1.1]",[Int64[]],0.0,Motor dettached
722,"[0.587866, 0.29709]",[0.874628],"[0.0, 1.1]",[Int64[]],0.0,Motor dettached
723,"[0.587866, 0.29709]",[0.874628],"[0.0, 1.1]",[Int64[]],0.0,Motor dettached
724,"[0.587866, 0.29709]",[0.874628],"[0.0, 1.1]",[Int64[]],0.0,Motor dettached
725,"[0.587866, 0.29709]",[0.874628],"[0.0, 1.1]",[Int64[]],0.0,Motor dettached
726,"[0.587866, 0.29709]",[0.874628],"[0.0, 1.1]",[Int64[]],0.0,Motor dettached
727,"[0.587866, 0.29709]",[0.874628],"[0.0, 1.1]",[Int64[]],0.0,Motor dettached
728,"[0.587866, 0.29709]",[0.874628],"[0.0, 1.1]",[Int64[]],0.0,Motor dettached
729,"[0.587866, 0.29709]",[0.874628],"[0.0, 1.1]",[Int64[]],0.0,Motor dettached
730,"[0.587866, 0.29709]",[0.874628],"[0.0, 1.1]",[Int64[]],0.0,Motor dettached
731,"[0.587866, 0.29709]",[0.874628],"[0.0, 1.1]",[Int64[]],0.0,Motor dettached
732,"[0.587866, 0.29709]",[0.874628],"[0.0, 1.1]",[Int64[]],0.0,Motor dettached
733,"[0.587866, 0.29709]",[0.874628],"[0.0, 1.1]",[Int64[]],0.0,Motor dettached
734,"[0.587866, 0.29709]",[0.874628],"[0.0, 1.1]",[Int64[]],0.0,Motor dettached
735,"[0.587866, 0.29709]",[0.874628],"[0.0, 1.1]",[Int64[]],0.0,Motor dettached
736,"[0.587866, 0.29709]",[0.874628],"[0.0, 1.1]",[Int64[]],0.0,Motor dettached
737,"[0.587866, 0.29709]",[0.874628],"[0.0, 1.1]",[Int64[]],0.0,Motor dettached
738,"[0.587866, 0.29709]",[0.874628],"[0.0, 1.1]",[Int64[]],0.0,Motor dettached
739,"[0.587866, 0.29709]",[0.874628],"[0.0, 1.1]",[Int64[]],0.0,Motor dettached
740,"[0.587866, 0.29709]",[0.874628],"[0.0, 1.1]",[Int64[]],0.0,Motor dettached
741,"[0.587866, 0.29709]",[0.874628],"[0.0, 1.1]",[Int64[]],0.0,Motor dettached
742,"[0.587866, 0.29709]",[0.874628],"[0.0, 1.1]",[Int64[]],0.0,Motor dettached
743,"[0.587866, 0.29709]",[0.874628],"[0.0, 1.1]",[Int64[]],0.0,Motor dettached
744,"[0.587866, 0.29709]",[0.874628],"[0.0, 1.1]",[Int64[]],0.0,Motor dettached
745,"[0.587866, 0.29709]",[0.874628],"[0.0, 1.1]",[Int64[]],0.0,Motor dettached
746,"[0.587866, 0.29709]",[0.874628],"[0.0, 1.1]",[Int64[]],0.0,Motor dettached
747,"[0.587866, 0.29709]",[0.874628],"[0.0, 1.1]",[Int64[]],0.0,Motor dettached
748,"[0.587866, 0.29709]",[0.874628],"[0.0, 1.1]",[Int64[]],0.0,Motor dettached
749,"[0.587866, 0.29709]",[0.874628],"[0.0, 1.1]",[Int64[]],0.0,Motor dettached
750,"[0.587866, 0.29709]",[0.874628],"[0.0, 1.1]",[Int64[]],0.0,Motor dettached
751,"[0.587866, 0.29709]",[0.874628],"[0.0, 1.1]",[Int64[]],0.0,Motor dettached
752,"[0.587866, 0.29709]",[0.874628],"[0.0, 1.1]",[Int64[]],0.0,Motor dettached
753,"[0.587866, 0.29709]",[0.874628],"[0.0, 1.1]",[Int64[]],0.0,Motor dettached
754,"[0.587866, 0.29709]",[0.874628],"[0.0, 1.1]",[Int64[]],0.0,Motor dettached
755,"[0.587866, 0.29709]",[0.874628],"[0.0, 1.1]",[Int64[]],0.0,Motor dettached
756,"[0.587866, 0.29709]",[0.874628],"[0.0, 1.1]",[Int64[]],0.0,Motor dettached
757,"[0.587866, 0.29709]",[0.874628],"[0.0, 1.1]",[Int64[]],0.0,Motor dettached
758,"[0.587866, 0.29709]",[0.874628],"[0.0, 1.1]",[Int64[]],0.0,Motor dettached
759,"[0.587866, 0.29709]",[0.874628],"[0.0, 1.1]",[Int64[]],0.0,Motor dettached
760,"[0.587866, 0.29709]",[0.874628],"[0.0, 1.1]",[Int64[]],0.0,Motor dettached
761,"[0.587866, 0.29709]",[0.874628],"[0.0, 1.1]",[Int64[]],0.0,Motor dettached
762,"[0.587866, 0.29709]",[0.874628],"[0.0, 1.1]",[Int64[]],0.0,Motor dettached
763,"[0.587866, 0.29709]",[0.874628],"[0.0, 1.1]",[Int64[]],0.0,Motor dettached
764,"[0.587866, 0.29709]",[0.874628],"[0.0, 1.1]",[Int64[]],0.0,Motor dettached
765,"[0.587866, 0.29709]",[0.874628],"[0.0, 1.1]",[Int64[]],0.0,Motor dettached
766,"[0.587866, 0.29709]",[0.874628],"[0.0, 1.1]",[Int64[]],0.0,Motor dettached
767,"[0.587866, 0.29709]",[0.874628],"[0.0, 1.1]",[Int64[]],0.0,Motor dettached
768,"[0.587866, 0.29709]",[0.874628],"[0.0, 1.1]",[Int64[]],0.0,Motor dettached
769,"[0.587866, 0.29709]",[0.874628],"[0.0, 1.1]",[Int64[]],0.0,Motor dettached
770,"[0.587866, 0.29709]",[0.874628],"[0.0, 1.1]",[Int64[]],0.0,Motor dettached
771,"[0.587866, 0.29709]",[0.874628],"[0.0, 1.1]",[Int64[]],0.0,Motor dettached
772,"[0.587866, 0.29709]",[0.874628],"[0.0, 1.1]",[Int64[]],0.0,Motor dettached
773,"[0.587866, 0.29709]",[0.874628],"[0.0, 1.1]",[Int64[]],0.0,Motor dettached
774,"[0.587866, 0.29709]",[0.874628],"[0.0, 1.1]",[Int64[]],0.0,Motor dettached
775,"[0.587866, 0.29709]",[0.874628],"[0.0, 1.1]",[Int64[]],0.0,Motor dettached
776,"[0.587866, 0.29709]",[0.874628],"[0.0, 1.1]",[Int64[]],0.0,Motor dettached
777,"[0.587866, 0.29709]",[0.874628],"[0.0, 1.1]",[Int64[]],0.0,Motor dettached
778,"[0.587866, 0.29709]",[0.874628],"[0.0, 1.1]",[Int64[]],0.0,Motor dettached
779,"[0.587866, 0.29709]",[0.874628],"[0.0, 1.1]",[Int64[]],0.0,Motor dettached
780,"[0.587866, 0.29709]",[0.874628],"[0.0, 1.1]",[Int64[]],0.0,Motor dettached
781,"[0.587866, 0.29709]",[0.874628],"[0.0, 1.1]",[Int64[]],0.0,Motor dettached
782,"[0.587866, 0.29709]",[0.874628],"[0.0, 1.1]",[Int64[]],0.0,Motor dettached
783,"[0.587866, 0.29709]",[0.874628],"[0.0, 1.1]",[Int64[]],0.0,Motor dettached
784,"[0.587866, 0.29709]",[0.874628],"[0.0, 1.1]",[Int64[]],0.0,Motor dettached
785,"[0.587866, 0.29709]",[0.874628],"[0.0, 1.1]",[Int64[]],0.0,Motor dettached
786,"[0.587866, 0.29709]",[0.874628],"[0.0, 1.1]",[Int64[]],0.0,Motor dettached
787,"[0.587866, 0.29709]",[0.874628],"[0.0, 1.1]",[Int64[]],0.0,Motor dettached
788,"[0.587866, 0.29709]",[0.874628],"[0.0, 1.1]",[Int64[]],0.0,Motor dettached
789,"[0.587866, 0.29709]",[0.874628],"[0.0, 1.1]",[Int64[]],0.0,Motor dettached
790,"[0.587866, 0.29709]",[0.874628],"[0.0, 1.1]",[Int64[]],0.0,Motor dettached
791,"[0.587866, 0.29709]",[0.874628],"[0.0, 1.1]",[Int64[]],0.0,Motor dettached
792,"[0.587866, 0.29709]",[0.874628],"[0.0, 1.1]",[Int64[]],0.0,Motor dettached
793,"[0.587866, 0.29709]",[0.874628],"[0.0, 1.1]",[Int64[]],0.0,Motor dettached
794,"[0.587866, 0.29709]",[0.874628],"[0.0, 1.1]",[Int64[]],0.0,Motor dettached
795,"[0.587866, 0.29709]",[0.874628],"[0.0, 1.1]",[Int64[]],0.0,Motor dettached
796,"[0.587866, 0.29709]",[0.874628],"[0.0, 1.1]",[Int64[]],0.0,Motor dettached
797,"[0.587866, 0.29709]",[0.874628],"[0.0, 1.1]",[Int64[]],0.0,Motor dettached
798,"[0.587866, 0.29709]",[0.874628],"[0.0, 1.1]",[Int64[]],0.0,Motor dettached
799,"[0.587866, 0.29709]",[0.874628],"[0.0, 1.1]",[Int64[]],0.0,Motor dettached
800,"[0.587866, 0.29709]",[0.874628],"[0.0, 1.1]",[Int64[]],0.0,Motor dettached
801,"[0.587866, 0.29709]",[0.874628],"[0.0, 1.1]",[Int64[]],0.0,Motor dettached
802,"[0.587866, 0.29709]",[0.874628],"[0.0, 1.1]",[Int64[]],0.0,Motor dettached
803,"[0.587866, 0.29709]",[0.874628],"[0.0, 1.1]",[Int64[]],0.0,Motor dettached
804,"[0.587866, 0.29709]",[0.874628],"[0.0, 1.1]",[Int64[]],0.0,Motor dettached
805,"[0.587866, 0.29709]",[0.874628],"[0.0, 1.1]",[Int64[]],0.0,Motor dettached
806,"[0.587866, 0.29709]",[0.874628],"[0.0, 1.1]",[Int64[]],0.0,Motor dettached
807,"[0.587866, 0.29709]",[0.874628],"[0.0, 1.1]",[Int64[]],0.0,Motor dettached
808,"[0.587866, 0.29709]",[0.874628],"[0.0, 1.1]",[Int64[]],0.0,Motor dettached
809,"[0.587866, 0.29709]",[0.874628],"[0.0, 1.1]",[Int64[]],0.0,Motor dettached
810,"[0.587866, 0.29709]",[0.874628],"[0.0, 1.1]",[Int64[]],0.0,Motor dettached
811,"[0.587866, 0.29709]",[0.874628],"[0.0, 1.1]",[Int64[]],0.0,Motor dettached
812,"[0.587866, 0.29709]",[0.874628],"[0.0, 1.1]",[Int64[]],0.0,Motor dettached
813,"[0.587866, 0.29709]",[0.874628],"[0.0, 1.1]",[Int64[]],0.0,Motor dettached
814,"[0.587866, 0.29709]",[0.874628],"[0.0, 1.1]",[Int64[]],0.0,Motor dettached
815,"[0.587866, 0.29709]",[0.874628],"[0.0, 1.1]",[Int64[]],0.0,Motor dettached
816,"[0.587866, 0.29709]",[0.874628],"[0.0, 1.1]",[Int64[]],0.0,Motor dettached
817,"[0.587866, 0.29709]",[0.874628],"[0.0, 1.1]",[Int64[]],0.0,Motor dettached
818,"[0.587866, 0.29709]",[0.874628],"[0.0, 1.1]",[Int64[]],0.0,Motor dettached
819,"[0.587866, 0.29709]",[0.874628],"[0.0, 1.1]",[Int64[]],0.0,Motor dettached
820,"[0.587866, 0.29709]",[0.874628],"[0.0, 1.1]",[Int64[]],0.0,Motor dettached
821,"[0.587866, 0.29709]",[0.874628],"[0.0, 1.1]",[Int64[]],0.0,Motor dettached
822,"[0.587866, 0.29709]",[0.874628],"[0.0, 1.1]",[Int64[]],0.0,Motor dettached
823,"[0.587866, 0.29709]",[0.874628],"[0.0, 1.1]",[Int64[]],0.0,Motor dettached
824,"[0.587866, 0.29709]",[0.874628],"[0.0, 1.1]",[Int64[]],0.0,Motor dettached
825,"[0.587866, 0.29709]",[0.874628],"[0.0, 1.1]",[Int64[]],0.0,Motor dettached
826,"[0.587866, 0.29709]",[0.874628],"[0.0, 1.1]",[Int64[]],0.0,Motor dettached
827,"[0.587866, 0.29709]",[0.874628],"[0.0, 1.1]",[Int64[]],0.0,Motor dettached
828,"[0.587866, 0.29709]",[0.874628],"[0.0, 1.1]",[Int64[]],0.0,Motor dettached
829,"[0.587866, 0.29709]",[0.874628],"[0.0, 1.1]",[Int64[]],0.0,Motor dettached
830,"[0.587866, 0.29709]",[0.874628],"[0.0, 1.1]",[Int64[]],0.0,Motor dettached
831,"[0.587866, 0.29709]",[0.874628],"[0.0, 1.1]",[Int64[]],0.0,Motor dettached
832,"[0.587866, 0.29709]",[0.874628],"[0.0, 1.1]",[Int64[]],0.0,Motor dettached
833,"[0.587866, 0.29709]",[0.874628],"[0.0, 1.1]",[Int64[]],0.0,Motor dettached
834,"[0.587866, 0.29709]",[0.874628],"[0.0, 1.1]",[Int64[]],0.0,Motor dettached
835,"[0.587866, 0.29709]",[0.874628],"[0.0, 1.1]",[Int64[]],0.0,Motor dettached
836,"[0.587866, 0.29709]",[0.874628],"[0.0, 1.1]",[Int64[]],0.0,Motor dettached
837,"[0.587866, 0.29709]",[0.874628],"[0.0, 1.1]",[Int64[]],0.0,Motor dettached
838,"[0.587866, 0.29709]",[0.874628],"[0.0, 1.1]",[Int64[]],0.0,Motor dettached
839,"[0.587866, 0.29709]",[0.874628],"[0.0, 1.1]",[Int64[]],0.0,Motor dettached
840,"[0.587866, 0.29709]",[0.874628],"[0.0, 1.1]",[Int64[]],0.0,Motor dettached
841,"[0.587866, 0.29709]",[0.874628],"[0.0, 1.1]",[Int64[]],0.0,Motor dettached
842,"[0.587866, 0.29709]",[0.874628],"[0.0, 1.1]",[Int64[]],0.0,Motor dettached
843,"[0.587866, 0.29709]",[0.874628],"[0.0, 1.1]",[Int64[]],0.0,Motor dettached
844,"[0.587866, 0.29709]",[0.874628],"[0.0, 1.1]",[Int64[]],0.0,Motor dettached
845,"[0.587866, 0.29709]",[0.874628],"[0.0, 1.1]",[Int64[]],0.0,Motor dettached
846,"[0.587866, 0.29709]",[0.874628],"[0.0, 1.1]",[Int64[]],0.0,Motor dettached
847,"[0.587866, 0.29709]",[0.874628],"[0.0, 1.1]",[Int64[]],0.0,Motor dettached
848,"[0.587866, 0.29709]",[0.874628],"[0.0, 1.1]",[Int64[]],0.0,Motor dettached
849,"[0.587866, 0.29709]",[0.874628],"[0.0, 1.1]",[Int64[]],0.0,Motor dettached
850,"[0.587866, 0.29709]",[0.874628],"[0.0, 1.1]",[Int64[]],0.0,Motor dettached
851,"[0.587866, 0.29709]",[0.874628],"[0.0, 1.1]",[Int64[]],0.0,Motor dettached
852,"[0.587866, 0.29709]",[0.874628],"[0.0, 1.1]",[Int64[]],0.0,Motor dettached
853,"[0.587866, 0.29709]",[0.874628],"[0.0, 1.1]",[Int64[]],0.0,Motor dettached
854,"[0.587866, 0.29709]",[0.874628],"[0.0, 1.1]",[Int64[]],0.0,Motor dettached
855,"[0.587866, 0.29709]",[0.874628],"[0.0, 1.1]",[Int64[]],0.0,Motor dettached
856,"[0.587866, 0.29709]",[0.874628],"[0.0, 1.1]",[Int64[]],0.0,Motor dettached
857,"[0.587866, 0.29709]",[0.874628],"[0.0, 1.1]",[Int64[]],0.0,Motor dettached
858,"[0.587866, 0.29709]",[0.874628],"[0.0, 1.1]",[Int64[]],0.0,Motor dettached
859,"[0.587866, 0.29709]",[0.874628],"[0.0, 1.1]",[Int64[]],0.0,Motor dettached
860,"[0.587866, 0.29709]",[0.874628],"[0.0, 1.1]",[Int64[]],0.0,Motor dettached
861,"[0.587866, 0.29709]",[0.874628],"[0.0, 1.1]",[Int64[]],0.0,Motor dettached
862,"[0.587866, 0.29709]",[0.874628],"[0.0, 1.1]",[Int64[]],0.0,Motor dettached
863,"[0.587866, 0.29709]",[0.874628],"[0.0, 1.1]",[Int64[]],0.0,Motor dettached
864,"[0.587866, 0.29709]",[0.874628],"[0.0, 1.1]",[Int64[]],0.0,Motor dettached
865,"[0.587866, 0.29709]",[0.874628],"[0.0, 1.1]",[Int64[]],0.0,Motor dettached
866,"[0.587866, 0.29709]",[0.874628],"[0.0, 1.1]",[Int64[]],0.0,Motor dettached
867,"[0.587866, 0.29709]",[0.874628],"[0.0, 1.1]",[Int64[]],0.0,Motor dettached
868,"[0.587866, 0.29709]",[0.874628],"[0.0, 1.1]",[Int64[]],0.0,Motor dettached
869,"[0.587866, 0.29709]",[0.874628],"[0.0, 1.1]",[Int64[]],0.0,Motor dettached
870,"[0.587866, 0.29709]",[0.874628],"[0.0, 1.1]",[Int64[]],0.0,Motor dettached
871,"[0.587866, 0.29709]",[0.874628],"[0.0, 1.1]",[Int64[]],0.0,Motor dettached
872,"[0.587866, 0.29709]",[0.874628],"[0.0, 1.1]",[Int64[]],0.0,Motor dettached
873,"[0.587866, 0.29709]",[0.874628],"[0.0, 1.1]",[Int64[]],0.0,Motor dettached
874,"[0.587866, 0.29709]",[0.874628],"[0.0, 1.1]",[Int64[]],0.0,Motor dettached
875,"[0.587866, 0.29709]",[0.874628],"[0.0, 1.1]",[Int64[]],0.0,Motor dettached
876,"[0.587866, 0.29709]",[0.874628],"[0.0, 1.1]",[Int64[]],0.0,Motor dettached
877,"[0.587866, 0.29709]",[0.874628],"[0.0, 1.1]",[Int64[]],0.0,Motor dettached
878,"[0.587866, 0.29709]",[0.874628],"[0.0, 1.1]",[Int64[]],0.0,Motor dettached
879,"[0.587866, 0.29709]",[0.874628],"[0.0, 1.1]",[Int64[]],0.0,Motor dettached
880,"[0.587866, 0.29709]",[0.874628],"[0.0, 1.1]",[Int64[]],0.0,Motor dettached
881,"[0.587866, 0.29709]",[0.874628],"[0.0, 1.1]",[Int64[]],0.0,Motor dettached
882,"[0.587866, 0.29709]",[0.874628],"[0.0, 1.1]",[Int64[]],0.0,Motor dettached
883,"[0.587866, 0.29709]",[0.874628],"[0.0, 1.1]",[Int64[]],0.0,Motor dettached
884,"[0.587866, 0.29709]",[0.874628],"[0.0, 1.1]",[Int64[]],0.0,Motor dettached
885,"[0.587866, 0.29709]",[0.874628],"[0.0, 1.1]",[Int64[]],0.0,Motor dettached
886,"[0.587866, 0.29709]",[0.874628],"[0.0, 1.1]",[Int64[]],0.0,Motor dettached
887,"[0.587866, 0.29709]",[0.874628],"[0.0, 1.1]",[Int64[]],0.0,Motor dettached
888,"[0.587866, 0.29709]",[0.874628],"[0.0, 1.1]",[Int64[]],0.0,Motor dettached
889,"[0.587866, 0.29709]",[0.874628],"[0.0, 1.1]",[Int64[]],0.0,Motor dettached
890,"[0.587866, 0.29709]",[0.874628],"[0.0, 1.1]",[Int64[]],0.0,Motor dettached
891,"[0.587866, 0.29709]",[0.874628],"[0.0, 1.1]",[Int64[]],0.0,Motor dettached
892,"[0.587866, 0.29709]",[0.874628],"[0.0, 1.1]",[Int64[]],0.0,Motor dettached
893,"[0.587866, 0.29709]",[0.874628],"[0.0, 1.1]",[Int64[]],0.0,Motor dettached
894,"[0.587866, 0.29709]",[0.874628],"[0.0, 1.1]",[Int64[]],0.0,Motor dettached
895,"[0.587866, 0.29709]",[0.874628],"[0.0, 1.1]",[Int64[]],0.0,Motor dettached
896,"[0.587866, 0.29709]",[0.874628],"[0.0, 1.1]",[Int64[]],0.0,Motor dettached
897,"[0.587866, 0.29709]",[0.874628],"[0.0, 1.1]",[Int64[]],0.0,Motor dettached
898,"[0.587866, 0.29709]",[0.874628],"[0.0, 1.1]",[Int64[]],0.0,Motor dettached
899,"[0.587866, 0.29709]",[0.874628],"[0.0, 1.1]",[Int64[]],0.0,Motor dettached
900,"[0.587866, 0.29709]",[0.874628],"[0.0, 1.1]",[Int64[]],0.0,Motor dettached
901,"[0.587866, 0.29709]",[0.874628],"[0.0, 1.1]",[Int64[]],0.0,Motor dettached
902,"[0.587866, 0.29709]",[0.874628],"[0.0, 1.1]",[Int64[]],0.0,Motor dettached
903,"[0.587866, 0.29709]",[0.874628],"[0.0, 1.1]",[Int64[]],0.0,Motor dettached
904,"[0.587866, 0.29709]",[0.874628],"[0.0, 1.1]",[Int64[]],0.0,Motor dettached
905,"[0.587866, 0.29709]",[0.874628],"[0.0, 1.1]",[Int64[]],0.0,Motor dettached
906,"[0.587866, 0.29709]",[0.874628],"[0.0, 1.1]",[Int64[]],0.0,Motor dettached
907,"[0.587866, 0.29709]",[0.874628],"[0.0, 1.1]",[Int64[]],0.0,Motor dettached
908,"[0.587866, 0.29709]",[0.874628],"[0.0, 1.1]",[Int64[]],0.0,Motor dettached
909,"[0.587866, 0.29709]",[0.874628],"[0.0, 1.1]",[Int64[]],0.0,Motor dettached
910,"[0.587866, 0.29709]",[0.874628],"[0.0, 1.1]",[Int64[]],0.0,Motor dettached
911,"[0.587866, 0.29709]",[0.874628],"[0.0, 1.1]",[Int64[]],0.0,Motor dettached
912,"[0.587866, 0.29709]",[0.874628],"[0.0, 1.1]",[Int64[]],0.0,Motor dettached
913,"[0.587866, 0.29709]",[0.874628],"[0.0, 1.1]",[Int64[]],0.0,Motor dettached
914,"[0.587866, 0.29709]",[0.874628],"[0.0, 1.1]",[Int64[]],0.0,Motor dettached
915,"[0.587866, 0.29709]",[0.874628],"[0.0, 1.1]",[Int64[]],0.0,Motor dettached
916,"[0.587866, 0.29709]",[0.874628],"[0.0, 1.1]",[Int64[]],0.0,Motor dettached
917,"[0.587866, 0.29709]",[0.874628],"[0.0, 1.1]",[Int64[]],0.0,Motor dettached
918,"[0.587866, 0.29709]",[0.874628],"[0.0, 1.1]",[Int64[]],0.0,Motor dettached
919,"[0.587866, 0.29709]",[0.874628],"[0.0, 1.1]",[Int64[]],0.0,Motor dettached
920,"[0.587866, 0.29709]",[0.874628],"[0.0, 1.1]",[Int64[]],0.0,Motor dettached
921,"[0.587866, 0.29709]",[0.874628],"[0.0, 1.1]",[Int64[]],0.0,Motor dettached
922,"[0.587866, 0.29709]",[0.874628],"[0.0, 1.1]",[Int64[]],0.0,Motor dettached
923,"[0.587866, 0.29709]",[0.874628],"[0.0, 1.1]",[Int64[]],0.0,Motor dettached
924,"[0.587866, 0.29709]",[0.874628],"[0.0, 1.1]",[Int64[]],0.0,Motor dettached
925,"[0.587866, 0.29709]",[0.874628],"[0.0, 1.1]",[Int64[]],0.0,Motor dettached
926,"[0.587866, 0.29709]",[0.874628],"[0.0, 1.1]",[Int64[]],0.0,Motor dettached
927,"[0.587866, 0.29709]",[0.874628],"[0.0, 1.1]",[Int64[]],0.0,Motor dettached
928,"[0.587866, 0.29709]",[0.874628],"[0.0, 1.1]",[Int64[]],0.0,Motor dettached
929,"[0.587866, 0.29709]",[0.874628],"[0.0, 1.1]",[Int64[]],0.0,Motor dettached
930,"[0.587866, 0.29709]",[0.874628],"[0.0, 1.1]",[Int64[]],0.0,Motor dettached
931,"[0.587866, 0.29709]",[0.874628],"[0.0, 1.1]",[Int64[]],0.0,Motor dettached
932,"[0.587866, 0.29709]",[0.874628],"[0.0, 1.1]",[Int64[]],0.0,Motor dettached
933,"[0.587866, 0.29709]",[0.874628],"[0.0, 1.1]",[Int64[]],0.0,Motor dettached
934,"[0.587866, 0.29709]",[0.874628],"[0.0, 1.1]",[Int64[]],0.0,Motor dettached
935,"[0.587866, 0.29709]",[0.874628],"[0.0, 1.1]",[Int64[]],0.0,Motor dettached
936,"[0.587866, 0.29709]",[0.874628],"[0.0, 1.1]",[Int64[]],0.0,Motor dettached
937,"[0.587866, 0.29709]",[0.874628],"[0.0, 1.1]",[Int64[]],0.0,Motor dettached
938,"[0.587866, 0.29709]",[0.874628],"[0.0, 1.1]",[Int64[]],0.0,Motor dettached
939,"[0.587866, 0.29709]",[0.874628],"[0.0, 1.1]",[Int64[]],0.0,Motor dettached
940,"[0.587866, 0.29709]",[0.874628],"[0.0, 1.1]",[Int64[]],0.0,Motor dettached
941,"[0.587866, 0.29709]",[0.874628],"[0.0, 1.1]",[Int64[]],0.0,Motor dettached
942,"[0.587866, 0.29709]",[0.874628],"[0.0, 1.1]",[Int64[]],0.0,Motor dettached
943,"[0.587866, 0.29709]",[0.874628],"[0.0, 1.1]",[Int64[]],0.0,Motor dettached
944,"[0.587866, 0.29709]",[0.874628],"[0.0, 1.1]",[Int64[]],0.0,Motor dettached
945,"[0.587866, 0.29709]",[0.874628],"[0.0, 1.1]",[Int64[]],0.0,Motor dettached
946,"[0.587866, 0.29709]",[0.874628],"[0.0, 1.1]",[Int64[]],0.0,Motor dettached
947,"[0.587866, 0.29709]",[0.874628],"[0.0, 1.1]",[Int64[]],0.0,Motor dettached
948,"[0.587866, 0.29709]",[0.874628],"[0.0, 1.1]",[Int64[]],0.0,Motor dettached
949,"[0.587866, 0.29709]",[0.874628],"[0.0, 1.1]",[Int64[]],0.0,Motor dettached
950,"[0.587866, 0.29709]",[0.874628],"[0.0, 1.1]",[Int64[]],0.0,Motor dettached
951,"[0.587866, 0.29709]",[0.874628],"[0.0, 1.1]",[Int64[]],0.0,Motor dettached
952,"[0.587866, 0.29709]",[0.874628],"[0.0, 1.1]",[Int64[]],0.0,Motor dettached
953,"[0.587866, 0.29709]",[0.874628],"[0.0, 1.1]",[Int64[]],0.0,Motor dettached
954,"[0.587866, 0.29709]",[0.874628],"[0.0, 1.1]",[Int64[]],0.0,Motor dettached
955,"[0.587866, 0.29709]",[0.874628],"[0.0, 1.1]",[Int64[]],0.0,Motor dettached
956,"[0.587866, 0.29709]",[0.874628],"[0.0, 1.1]",[Int64[]],0.0,Motor dettached
957,"[0.587866, 0.29709]",[0.874628],"[0.0, 1.1]",[Int64[]],0.0,Motor dettached
958,"[0.587866, 0.29709]",[0.874628],"[0.0, 1.1]",[Int64[]],0.0,Motor dettached
959,"[0.587866, 0.29709]",[0.874628],"[0.0, 1.1]",[Int64[]],0.0,Motor dettached
960,"[0.587866, 0.29709]",[0.874628],"[0.0, 1.1]",[Int64[]],0.0,Motor dettached
961,"[0.587866, 0.29709]",[0.874628],"[0.0, 1.1]",[Int64[]],0.0,Motor dettached
962,"[0.587866, 0.29709]",[0.874628],"[0.0, 1.1]",[Int64[]],0.0,Motor dettached
963,"[0.587866, 0.29709]",[0.874628],"[0.0, 1.1]",[Int64[]],0.0,Motor dettached
964,"[0.587866, 0.29709]",[0.874628],"[0.0, 1.1]",[Int64[]],0.0,Motor dettached
965,"[0.587866, 0.29709]",[0.874628],"[0.0, 1.1]",[Int64[]],0.0,Motor dettached
966,"[0.587866, 0.29709]",[0.874628],"[0.0, 1.1]",[Int64[]],0.0,Motor dettached
967,"[0.587866, 0.29709]",[0.874628],"[0.0, 1.1]",[Int64[]],0.0,Motor dettached
968,"[0.587866, 0.29709]",[0.874628],"[0.0, 1.1]",[Int64[]],0.0,Motor dettached
969,"[0.587866, 0.29709]",[0.874628],"[0.0, 1.1]",[Int64[]],0.0,Motor dettached
970,"[0.587866, 0.29709]",[0.874628],"[0.0, 1.1]",[Int64[]],0.0,Motor dettached
971,"[0.587866, 0.29709]",[0.874628],"[0.0, 1.1]",[Int64[]],0.0,Motor dettached
972,"[0.587866, 0.29709]",[0.874628],"[0.0, 1.1]",[Int64[]],0.0,Motor dettached
973,"[0.587866, 0.29709]",[0.874628],"[0.0, 1.1]",[Int64[]],0.0,Motor dettached
974,"[0.587866, 0.29709]",[0.874628],"[0.0, 1.1]",[Int64[]],0.0,Motor dettached
975,"[0.587866, 0.29709]",[0.874628],"[0.0, 1.1]",[Int64[]],0.0,Motor dettached
976,"[0.587866, 0.29709]",[0.874628],"[0.0, 1.1]",[Int64[]],0.0,Motor dettached
977,"[0.587866, 0.29709]",[0.874628],"[0.0, 1.1]",[Int64[]],0.0,Motor dettached
978,"[0.587866, 0.29709]",[0.874628],"[0.0, 1.1]",[Int64[]],0.0,Motor dettached
979,"[0.587866, 0.29709]",[0.874628],"[0.0, 1.1]",[Int64[]],0.0,Motor dettached
980,"[0.587866, 0.29709]",[0.874628],"[0.0, 1.1]",[Int64[]],0.0,Motor dettached
981,"[0.587866, 0.29709]",[0.874628],"[0.0, 1.1]",[Int64[]],0.0,Motor dettached
982,"[0.587866, 0.29709]",[0.874628],"[0.0, 1.1]",[Int64[]],0.0,Motor dettached
983,"[0.587866, 0.29709]",[0.874628],"[0.0, 1.1]",[Int64[]],0.0,Motor dettached
984,"[0.587866, 0.29709]",[0.874628],"[0.0, 1.1]",[Int64[]],0.0,Motor dettached
985,"[0.587866, 0.29709]",[0.874628],"[0.0, 1.1]",[Int64[]],0.0,Motor dettached
986,"[0.587866, 0.29709]",[0.874628],"[0.0, 1.1]",[Int64[]],0.0,Motor dettached
987,"[0.587866, 0.29709]",[0.874628],"[0.0, 1.1]",[Int64[]],0.0,Motor dettached
988,"[0.587866, 0.29709]",[0.874628],"[0.0, 1.1]",[Int64[]],0.0,Motor dettached
989,"[0.587866, 0.29709]",[0.874628],"[0.0, 1.1]",[Int64[]],0.0,Motor dettached
990,"[0.587866, 0.29709]",[0.874628],"[0.0, 1.1]",[Int64[]],0.0,Motor dettached
991,"[0.587866, 0.29709]",[0.874628],"[0.0, 1.1]",[Int64[]],0.0,Motor dettached
992,"[0.587866, 0.29709]",[0.874628],"[0.0, 1.1]",[Int64[]],0.0,Motor dettached
993,"[0.587866, 0.29709]",[0.874628],"[0.0, 1.1]",[Int64[]],0.0,Motor dettached
994,"[0.587866, 0.29709]",[0.874628],"[0.0, 1.1]",[Int64[]],0.0,Motor dettached
995,"[0.587866, 0.29709]",[0.874628],"[0.0, 1.1]",[Int64[]],0.0,Motor dettached
996,"[0.587866, 0.29709]",[0.874628],"[0.0, 1.1]",[Int64[]],0.0,Motor dettached
997,"[0.587866, 0.29709]",[0.874628],"[0.0, 1.1]",[Int64[]],0.0,Motor dettached
998,"[0.587866, 0.29709]",[0.874628],"[0.0, 1.1]",[Int64[]],0.0,Motor dettached
999,"[0.587866, 0.29709]",[0.874628],"[0.0, 1.1]",[Int64[]],0.0,Motor dettached
1000,"[0.587866, 0.29709]",[0.874628],"[0.0, 1.1]",[Int64[]],0.0,Motor dettached
